국가,연도,평균 사망률,평균 의료 인력 수,1인당 보건지출,평균 소비량,평균 판매량,평균 치료비,평균 복지 비용(G$),보건지출-복지비용 비율,보건지출-치료비 비율,보건지출-의약품 소비량 비율,의약품 판매량-의약품 소비량 비율,의료 인력-평균 치료비 비율
그리스,1998,40.6,,,29.60909090909091,2032.8,,2527.0,,,,68.65459011360147,
그리스,1999,40.38285714285715,28452.0,,32.90909090909091,2366.4,,2565.0,,,,71.907182320442,
그리스,2000,40.357142857142854,29704.0,1417.7779541,35.68181818181818,2398.1,,2315.78,0.6122248029173755,,39.73390444611465,67.20789808917198,
그리스,2001,39.39714285714286,32068.0,1678.57568359,37.31818181818182,2807.4,,2533.32,0.6625991519389575,,44.98010357975639,75.2287454323995,
그리스,2002,38.62285714285714,36063.0,1864.49755859,40.24545454545454,3557.4,,2829.92,0.6588516843550347,,46.32815257395528,88.3925909193585,
그리스,2003,38.51714285714286,36319.0,2019.09960938,43.70909090909091,4897.5,506.2733333333333,3674.58,0.5494776571417685,0.2507421283137158,46.19404264388519,112.04762895174709,0.013939627559495947
그리스,2004,37.84,36133.0,2061.64819336,47.11818181818182,6218.8,575.29,4401.150000000001,0.4684339759744611,0.27904372911578723,43.75483335319313,131.98302141616824,0.015921456840007748
그리스,2005,36.39142857142857,36666.0,2194.10546875,31.1,6939.4,625.67,4832.1,0.45406872141511967,0.28515949160659504,70.55001507234726,223.13183279742762,0.017064037527955052
그리스,2006,35.16285714285714,35797.0,2358.68310547,36.9,7703.6,648.6866666666666,5302.02,0.4448649958827013,0.27502069487940256,63.92095136775068,208.769647696477,0.018121257833524224
그리스,2007,34.91428571428571,35658.0,2462.73828125,38.9,10673.5,769.2999999999998,6401.85,0.3846916565133516,0.3123758646450771,63.309467384318765,274.38303341902315,0.02157440125638005
그리스,2008,33.37428571428571,36197.0,2728.05200195,40.4,11437.6,886.1433333333334,7657.200000000001,0.3562727892636995,0.32482640825758524,67.52603965222772,283.1089108910891,0.024481126428525388
그리스,2009,32.425714285714285,37306.0,2859.59790039,37.6,11825.7,898.0100000000001,7886.999999999999,0.3625710536820084,0.3140336618227083,76.05313564867022,314.51329787234044,0.024071463035436662
그리스,2010,30.44857142857143,38422.0,2678.99755859,,,813.3466666666667,7360.64,0.36396258458367753,0.30360112276277856,,,0.021168774833862546
그리스,2011,29.734285714285715,38530.0,2356.13696289,,,705.4,7347.6,0.3206675598685285,0.2993883679558117,,,0.01830781209447184
그리스,2012,30.20285714285714,36883.0,2214.8059082,,,615.4866666666667,6536.7,0.3388263050468891,0.2778964352532725,,,0.016687543493389006
그리스,2013,29.080000000000002,36103.0,2163.44165039,,,570.94,6010.2,0.3599616735532928,0.26390358154428506,,,0.015814198266072072
그리스,2014,29.49142857142857,35223.0,2100.16992188,,,529.8299999999999,5953.09,0.3527865229452267,0.25227958675158735,,,0.01504215995230389
그리스,2015,30.131428571428568,34718.0,2149.34130859,,,441.80333333333334,4960.62,0.43328078115034013,0.20555289733074683,,,0.012725483418783724
그리스,2019,27.913888888888888,36251.0,,,,469.06666666666666,4927.200000000001,,,,,0.012939413165613822
네덜란드,1998,38.73714285714286,,,9.4,2867.2,3920.2033333333334,8891.4,,,,305.02127659574467,
네덜란드,1999,38.39142857142857,,,9.6,3057.7,1182.0433333333333,8759.24,,,,318.5104166666667,
네덜란드,2000,37.31428571428572,,2466.14526367,9.3,2854.9,1085.9733333333334,7911.599999999999,0.3117125819897366,0.4403525410004598,265.176910072043,306.9784946236559,
네덜란드,2001,35.96,,2685.15112305,32.699999999999996,3382.2,1180.8100000000002,8235.92,0.3260292867159953,0.4397555094250136,82.11471324311928,103.43119266055047,
네덜란드,2002,35.559999999999995,126500.0,2987.45800781,34.23636363636364,3870.3,1400.4633333333334,9384.84,0.3183280703570865,0.46878092668487875,87.25979311181624,113.04646840148698,0.011070856389986825
네덜란드,2003,34.68571428571428,129800.0,3095.60424805,38.78,4927.5,1806.5733333333335,11923.28,0.2596269019976047,0.5835931173926189,79.82476142470345,127.06291903042805,0.01391813045711351
네덜란드,2004,32.90285714285714,132400.0,3264.33325195,37.89,5339.5,2066.61,13406.88,0.24348194747398352,0.633087935726378,86.15289659408815,140.921087358142,0.015608836858006044
네덜란드,2005,32.02285714285714,133700.0,3425.68286133,40.17,5599.2,2133.22,13633.49,0.2512696940643958,0.6227138022846022,85.27963309260642,139.38760268857357,0.015955272999252056
네덜란드,2006,30.465714285714284,134100.0,3723.125,40.94,5885.3,2292.1566666666668,12026.12,0.3095865499429575,0.6156539645235297,90.94101123595506,143.7542745481192,0.017092890877454636
네덜란드,2007,29.377142857142857,136000.0,3979.69775391,44.379999999999995,6958.7,2642.22,13305.75,0.29909608657234654,0.6639247911236611,89.67322564015323,156.7981072555205,0.019428088235294117
네덜란드,2008,28.634285714285717,138200.0,4316.76904297,46.55,7594.0,3054.3133333333335,14694.0,0.2937776672771199,0.7075461538317375,92.7340288500537,163.13641245972073,0.022100675349734686
네덜란드,2009,27.685714285714287,,4465.50244141,46.18,7088.7,3066.043333333333,14844.510000000002,0.300818446779988,0.68660657418994,96.69775750129926,153.50151580770896,
네덜란드,2010,27.071428571428573,,4585.03369141,46.38181818181818,6911.1,3049.17,14815.5,0.30947546093010697,0.6650267381268277,98.85411721973735,149.0045080360643,
네덜란드,2011,26.24857142857143,,4779.41992188,48.7,7252.1,3256.92,15821.75,0.30207909503563135,0.6814467138762899,98.14003946365503,148.91375770020534,
네덜란드,2012,25.96,,4989.33056641,48.81818181818182,5920.7,3172.25,15018.1,0.3322211575638729,0.635806739556755,102.20230210523276,121.28063314711359,
네덜란드,2013,24.834285714285716,,5219.26367188,51.23636363636364,5712.3,3347.51,15871.89,0.3288369357322915,0.6413759124750663,101.86639529929028,111.48917672107878,
네덜란드,2014,24.474285714285713,116023.5,5213.53466797,53.5,5750.2,3403.5066666666667,15948.9,0.3268899214347071,0.6528213358926208,97.44924613028037,107.4803738317757,0.02933463192083213
네덜란드,2015,24.294285714285717,118742.0,5205.21484375,55.75454545454545,4952.1,2846.0166666666664,13469.28,0.38645086030953396,0.5467625740912371,93.35947053848037,88.81966411218002,0.023968070831438468
네덜란드,2016,23.742857142857144,120959.0,5279.84814453,57.99090909090909,5016.8,2919.4133333333334,13711.25,0.3850741649762057,0.5529350946121222,91.04613511495532,86.51011130271202,0.024135561085436665
네덜란드,2019,22.702777777777776,124916.0,,59.61818181818182,5444.8,3381.7599999999998,14604.31,,,,91.3278438548338,0.027072272567165132
노르웨이,1998,38.97142857142857,14029.0,,,,4980.465,3484.92,,,,,0.3550121177560767
노르웨이,1999,38.66857142857143,14665.0,,40.72,1360.0,5225.19,3667.980000000001,,,,33.39882121807466,0.35630344357313326
노르웨이,2000,36.879999999999995,15180.0,2857.60083008,42.35,1280.4,5014.72,3492.48,0.8182153741982774,1.7548707108471866,67.47581653081464,30.233766233766236,0.3303504611330699
노르웨이,2001,35.71142857142858,15978.0,3037.69995117,42.23636363636364,1384.6,5321.025,3688.8,0.8234927215273259,1.7516624701365104,71.92143663984072,32.78217821782177,0.33302196770559517
노르웨이,2002,35.36,38470.5,3429.11572266,44.845454545454544,1751.1,4573.306666666666,4437.849999999999,0.7726975275550098,1.3336693878383044,76.46517930115549,39.047435637543074,0.11887827469532931
노르웨이,2003,33.48571428571429,39745.0,3562.25268555,46.71818181818182,2042.3,5491.243333333333,5402.040000000001,0.6594273062676321,1.541508651423896,76.24981424605954,43.715314263475385,0.1381618652241372
노르웨이,2004,32.13428571428572,41300.5,3761.83520508,49.4,2306.8,6042.433333333334,5898.35,0.637777548819585,1.6062461548484643,76.1505102242915,46.69635627530365,0.14630412061193773
노르웨이,2005,30.69714285714286,42936.0,3995.39672852,50.472727272727276,2495.9,6711.96,6394.23,0.6248440748174526,1.6799232857374558,79.15951731577809,49.450468299711815,0.1563247624371157
노르웨이,2006,29.545714285714283,44435.0,4299.27099609,51.42727272727273,2572.8,7192.253333333334,6739.200000000001,0.6379497560674857,1.6729006708054401,83.59904712213188,50.02792999823228,0.16186009527024495
노르웨이,2007,29.30285714285714,45487.5,4525.13183594,53.4,2917.3,8571.956666666667,7857.64,0.5758894319337613,1.894299874002682,84.74029655318353,54.631086142322104,0.18844642300998443
노르웨이,2008,28.72,46583.5,4945.30029297,54.33636363636364,3062.1,9941.37,8922.390000000001,0.5542573562655296,2.0102661943769466,91.01272080085326,56.354525681780146,0.2134096836862838
노르웨이,2009,27.62857142857143,48224.0,5059.64160156,54.3,2894.2,9461.686666666666,8689.5,0.5822707407284654,1.8700310045180708,93.17940334364641,53.300184162062614,0.1962028588807786
노르웨이,2010,26.934285714285714,49485.5,5194.49365234,53.054545454545455,2959.9,10259.05,9476.48,0.5481458993571453,1.9749855686855124,97.90855067810145,55.78975325565456,0.2073142637742369
노르웨이,2011,26.394285714285715,50991.0,5492.07714844,52.63636363636363,3247.3,11763.576666666668,10763.28,0.5102605477549594,2.141917593056401,104.33998036759932,61.69309153713299,0.23069907761500397
노르웨이,2012,25.571428571428573,52088.5,5774.39208984,52.99090909090909,3231.6,11982.186666666666,10954.25,0.5271371467549125,2.075055950521482,108.9694853117859,60.98404529078744,0.23003516451168043
노르웨이,2013,24.31142857142857,53269.0,6012.88427734,53.27272727272727,3285.1,12560.993333333332,11501.6,0.522786766827224,2.08901298511105,112.86984138351536,61.66569965870307,0.23580306244407315
노르웨이,2014,23.36,54759.0,6192.90380859,54.22727272727273,3344.7,12580.37,11413.36,0.5426012855627089,2.0314169877061756,114.20275254734284,61.67929589270746,0.22974068189703978
노르웨이,2015,22.98,56470.0,6144.08496094,55.08181818181818,2823.5,10547.933333333332,9567.84,0.6421600863873141,1.7167622844394352,111.54470138692855,51.26010892886615,0.1867882651555398
노르웨이,2019,20.552777777777777,61098.0,,56.25454545454546,3227.3,11488.976666666667,10259.15,,,,57.36958629605689,0.1880417798727727
뉴질랜드,1998,40.86571428571428,,,,,,1084.66,,,,,
뉴질랜드,1999,41.879999999999995,,,,,,1093.68,,,,,
뉴질랜드,2000,38.49142857142857,8615.0,1607.13500977,,,,967.84,1.6605379089208958,,,,
뉴질랜드,2001,38.8,8491.0,1693.32580566,,,,959.42,1.7649473699318339,,,,
뉴질랜드,2002,37.64571428571429,8393.0,1834.4708252,,,,1212.12,1.5134399442299444,,,,
뉴질랜드,2003,36.46857142857143,8758.0,1853.05151367,,,,1562.91,1.1856418563257,,,,
뉴질랜드,2004,36.191428571428574,8945.0,1985.01403809,,,2132.0066666666667,1807.86,1.0979910159470314,1.0740511783574611,,,0.23834618967765978
뉴질랜드,2005,33.114285714285714,23011.0,2123.63500977,,,2484.5066666666667,2064.6,1.0285939212292938,1.1699311111544308,,,0.10797039097243348
뉴질랜드,2006,33.068571428571424,23257.5,2395.62402344,,,2504.1133333333332,2085.05,1.1489527941488213,1.0452864509755364,,,0.1076690673259522
뉴질랜드,2007,32.18857142857143,24315.0,2439.95703125,,,3016.4233333333336,2538.2,0.9612942365652826,1.2362608417690075,,,0.12405606964151074
뉴질랜드,2008,31.53142857142857,26049.0,2709.70166016,,,,2635.38,1.0282014966190833,,,,
뉴질랜드,2009,30.53142857142857,26488.5,2940.22265625,,,,2537.26,1.1588180384548685,,,,
뉴질랜드,2010,29.2,27600.5,2983.40209961,,,,3017.9,0.9885689054011066,,,,
뉴질랜드,2011,29.314285714285713,28009.0,3088.69799805,,,,3399.6600000000003,0.9085314408058452,,,,
뉴질랜드,2012,28.2,28079.0,3140.93383789,,,,3594.48,0.8738214812406802,,,,
뉴질랜드,2013,27.15714285714286,28641.5,3335.00878906,,,,3760.73,0.8867982516851781,,,,
뉴질랜드,2019,23.683333333333334,33894.5,,,,,,,,,,
덴마크,1998,43.777142857142856,31890.0,,37.78181818181818,1486.2,3514.28,4194.9,,,,39.33638113570741,0.11020006271558483
덴마크,1999,44.51714285714286,31958.5,,38.336363636363636,1510.6,3974.64,4361.0,,,,39.40384159354991,0.12436879077553702
덴마크,2000,42.137142857142855,32629.5,2327.61767578,39.54545454545455,1420.2,3579.3333333333335,3907.96,0.5956093910326615,1.5377668637672102,58.859297548459764,35.91310344827586,0.10969623602363915
덴마크,2001,41.75714285714286,32861.0,2492.47583008,41.32727272727273,1490.7,3747.8366666666666,4004.64,0.6223969770266491,1.5036601845588906,60.3106778065992,36.07061152661681,0.1140512055831127
덴마크,2002,40.50857142857143,33539.0,2670.24316406,42.74545454545454,1740.3,4159.41,4429.28,0.6028616759518477,1.5576895977053193,62.46847044802212,40.713100808166736,0.12401711440412654
덴마크,2003,39.56857142857143,33336.0,2744.73413086,44.21818181818182,2193.0,5202.73,5517.93,0.49742097686270026,1.8955314984806353,62.07252351862664,49.594983552631575,0.15606941444684425
덴마크,2004,37.96,34241.0,2968.02075195,45.845454545454544,2557.2,6097.606666666667,6310.14,0.47035735371164505,2.0544353211346373,64.73969516448543,55.778703152885186,0.17807910594511453
덴마크,2005,36.55714285714286,35009.0,3109.04907227,47.32727272727273,2692.6,6516.336666666666,6665.4,0.4664459855777598,2.095925961666766,65.69254666724933,56.89320015366884,0.186133184800099
덴마크,2006,35.81428571428572,35267.0,3425.16699219,48.90909090909091,2900.7,7013.95,7072.499999999999,0.48429367157158015,2.047768770396618,70.03129537934944,59.30799256505576,0.1988813905350611
덴마크,2007,33.879999999999995,34826.0,3643.18432617,50.46363636363637,3444.9,8074.570000000001,8272.46,0.44039914682815035,2.2163495659547423,72.19424894229869,68.26499729778418,0.2318546488255901
덴마크,2008,32.81428571428572,36071.0,3938.90771484,51.88181818181818,3891.4,9215.293333333333,9294.42,0.42379273960505337,2.3395555317567682,75.9207724956019,75.00508147888559,0.2554765139123765
덴마크,2009,31.8,37138.0,4318.35107422,52.60909090909092,3804.0,9439.613333333333,9411.16,0.45885428302355924,2.18593003928898,82.08374255472609,72.30689476412648,0.25417667438562475
덴마크,2010,31.094285714285714,37575.5,4456.9453125,54.06363636363637,3702.2,9117.853333333334,9531.2,0.4676163874958032,2.045762892302335,82.43887411720195,68.47856061879938,0.24265421174258053
덴마크,2011,28.994285714285713,38054.0,4516.29785156,54.58181818181818,3761.9,9647.053333333333,10251.2,0.4405628464530981,2.13605338939306,82.7436315242505,68.92221852098602,0.2535095741139784
덴마크,2012,28.362857142857145,38576.0,4597.62304688,54.86363636363637,3463.6,9259.816666666668,9780.29,0.47009066672665123,2.0140443381826367,83.80091717594036,63.13106876553438,0.24004087169915667
덴마크,2013,27.397142857142857,38751.5,4762.36132813,54.66363636363636,3561.9,9649.82,10273.64,0.46355150931218153,2.0262679236455834,87.12119509301515,65.16031930816565,0.24901797349780008
덴마크,2014,26.297142857142855,38971.0,4886.55126953,54.190909090909095,3736.9,9913.783333333333,10554.7,0.46297396131865426,2.0287893826369006,90.17289710590505,68.95806072806576,0.25438873350269003
덴마크,2015,25.86,39352.0,5038.36425781,55.16363636363636,3186.7,8521.993333333334,9050.73,0.5566804288504905,1.6914206471124709,91.33488272233026,57.76812788398155,0.21655807413430916
덴마크,2019,24.049999999999997,,,68.89999999999999,3503.8000000000006,9577.210000000001,9907.830000000002,,,,50.85341074020321,
독일,1998,44.13428571428572,259441.0,,33.11,20301.1,26339.963333333333,56870.6,,,,613.1410450015101,0.10152583182046528
독일,1999,42.85428571428571,262400.0,,33.269999999999996,20038.8,6819.77,55952.1,,,,602.3083859332733,0.025989977134146344
독일,2000,41.32857142857143,543934.5,2691.4387207,33.8,17856.0,6073.886666666666,49549.05,0.05431867453967331,2.2567434361228726,79.62836451775148,528.2840236686391,0.011166577348314303
독일,2001,39.97428571428571,550078.5,2818.55883789,35.739999999999995,19074.7,6044.513333333333,49574.55,0.056854955574785856,2.144540412666465,78.86286619725799,533.7073307218803,0.010988455890083567
독일,2002,39.854285714285716,556980.5,2973.17578125,37.17999999999999,21454.0,6585.316666666667,54197.32,0.05485835427379066,2.2149099653630397,79.96707319123186,577.0306616460464,0.011823244560027984
독일,2003,39.494285714285716,566821.5,3107.49926758,39.089999999999996,27284.8,8089.376666666667,66396.26,0.04680232391975091,2.6031789455468997,79.49601605474547,697.9994883601945,0.014271471118626705
독일,2004,37.08571428571429,572222.0,3175.63745117,34.769999999999996,26955.7,9066.890000000001,73039.2,0.043478535514764674,2.8551401535649124,91.33268481938454,775.2574058096061,0.01584505663885695
독일,2005,36.1,579006.0,3277.19799805,37.56,29312.5,9146.776666666667,75129.12,0.0436208756078868,2.791035717740944,87.25234286608094,780.4179978700745,0.015797378035230493
독일,2006,34.417142857142856,585051.0,3471.18798828,38.79,29747.4,9510.476666666667,75104.22,0.04621828158630766,2.739833365054706,89.48667152049497,766.8832173240527,0.01625580789822882
독일,2007,33.362857142857145,592401.5,3641.59936523,42.67999999999999,34681.5,10724.63,82793.04,0.043984365898751876,2.945032916690066,85.32332158458296,812.5937207122776,0.018103650986704117
독일,2008,32.614285714285714,602361.5,3870.04907227,45.92,39235.6,11884.116666666667,91012.0,0.042522404433151674,3.070792241839964,84.27807213131533,854.4337979094076,0.019729210227855974
독일,2009,31.962857142857143,615700.0,4133.01025391,48.13,39750.4,11920.150000000001,91061.04,0.04538725072665544,2.884132694498651,85.87181080220236,825.8965302306253,0.019360321585187593
독일,2010,31.094285714285714,622822.5,4320.84082031,49.660000000000004,39406.5,11783.69,88306.40000000001,0.04893009816174138,2.7271752165946666,87.00847402960127,793.5259766411598,0.018919820655162588
독일,2011,30.014285714285716,632111.5,4587.42529297,51.4,41363.6,12702.796666666667,92486.68,0.049600929484872845,2.7690470918693912,89.24951931848248,804.7392996108949,0.020095816429010812
독일,2012,29.52285714285714,639695.0,4708.95410156,54.75,39111.5,12128.096666666666,87124.31,0.054048681723390404,2.5755393671492413,86.00829409242009,714.365296803653,0.018959186278877695
독일,2013,30.26857142857143,660203.5,4953.15527344,55.56,41867.7,13002.016666666665,92570.96,0.05350657780193702,2.624996784652922,89.14966294888409,753.5583153347732,0.019693952950365554
독일,2014,28.651428571428575,674347.5,5192.50537109,56.85,44590.9,13571.599999999999,96320.72,0.053908498307425445,2.6136901226066667,91.33694584151276,784.3605980650835,0.020125528751867544
독일,2015,29.177142857142854,685564.5,5355.32421875,57.14,39221.0,11792.57,83905.0,0.063826043963411,2.2020272757178714,93.72285997112355,686.4018200910045,0.017201255315874728
독일,2019,25.76388888888889,762050.0,,57.17,52451.2,14364.37,100002.49,,,,917.460206401959,0.01884964241191523
라트비아,1998,87.34857142857142,8681.5,,,,,108.0,,,,,
라트비아,1999,83.50857142857143,8817.5,,,,,123.0,,,,,
라트비아,2000,82.49714285714286,8830.5,434.38009644,,,,121.66,3.570443008712806,,,,
라트비아,2001,83.95428571428572,8414.5,518.50115967,,,,120.96,4.286550592509921,,,,
라트비아,2002,82.39714285714285,8493.0,578.26184082,15.9,136.7,,131.1,4.410845467734553,,36.368669233962265,8.597484276729558,
라트비아,2003,80.44,8634.5,602.39752197,,,,150.93,3.991237805406479,,,,
라트비아,2004,78.83714285714287,8819.0,756.37872314,15.1,208.7,256.17,188.64,4.009641238019508,0.33867954261926647,50.09130616821192,13.821192052980132,0.029047511055675247
라트비아,2005,79.55428571428571,8916.0,807.58197021,14.5,222.6,266.6666666666667,209.1,3.862180632281205,0.3302038387475687,55.695308290344826,15.351724137931035,0.029908778226409454
라트비아,2006,78.30857142857143,9580.0,899.73242188,12.8,263.1,348.21666666666664,262.3,3.430165542813572,0.387022472680338,70.29159545937499,20.5546875,0.036348295059151006
라트비아,2007,77.59714285714286,9545.0,1000.56054688,13.9,348.5,441.83,344.1,2.9077609615809354,0.44158247232287673,71.98277315683453,25.071942446043163,0.046289156626506026
라트비아,2008,71.26857142857143,9565.0,1085.89611816,12.5,421.9,578.4699999999999,465.4,2.333253369488612,0.5327120986307513,86.8716894528,33.751999999999995,0.06047778358599058
라트비아,2009,67.98571428571428,8618.5,1028.87219238,11.5,376.8,458.82666666666665,476.03,2.161359982312039,0.44595108125655836,89.46714716347824,32.76521739130435,0.05323741563690511
라트비아,2010,67.47428571428571,8515.5,1068.70056152,12.6,365.9,414.4666666666667,466.05,2.293102803390194,0.3878230082308329,84.8175048825397,29.039682539682538,0.04867202943651772
라트비아,2011,63.957142857142856,8331.0,1093.87268066,12.9,406.4,433.3333333333333,471.44,2.320279740072968,0.3961460424003614,84.79633183410853,31.503875968992247,0.05201456407794182
라트비아,2012,63.70285714285714,8141.5,1146.01062012,28.830000000000002,379.6,419.39333333333326,435.82,2.629550319214355,0.365959377662153,39.750628516129034,13.166840097121055,0.05151302994943601
라트비아,2013,62.63142857142857,8127.0,1217.72644043,30.29,408.3,430.81666666666666,471.2,2.5843090841044143,0.35378772469992353,40.202259505777484,13.479696269395841,0.05301054099503712
라트비아,2014,61.37714285714285,8015.5,1296.14941406,32.01,419.7,43.79,482.02,2.688995091614456,0.03378468525695211,40.4920154345517,13.111527647610123,0.00546316511758468
라트비아,2015,59.768571428571434,7793.5,1405.77844238,34.78,367.9,38.88,429.76,3.2710779094843634,0.027657274310008407,40.41916165554916,10.57791834387579,0.004988772695194714
라트비아,2019,55.269444444444446,7327.5,,47.13,477.6,60.82,559.24,,,,10.133672819859962,0.008300238826339134
룩셈부르크,1998,41.02571428571429,2058.0,,27.2,116.9,,408.04,,,,4.297794117647059,
룩셈부르크,1999,39.120000000000005,2110.0,,18.02857142857143,121.8,41.21333333333333,432.9,,,,6.75594294770206,0.019532385466034755
룩셈부르크,2000,38.84285714285714,2079.0,3286.67773438,18.728571428571428,108.2,44.30666666666667,398.31,8.251557164972006,0.013480684827478133,175.49003921174676,5.777269260106789,0.021311527978194647
룩셈부르크,2001,37.80571428571429,2136.0,3603.98339844,20.357142857142858,116.0,48.11666666666667,434.52,8.294171495995583,0.013350967900544207,177.037780976,5.698245614035088,0.022526529338327092
룩셈부르크,2002,37.84571428571428,2235.5,3979.25366211,22.17142857142857,132.2,56.326666666666675,505.04,7.879086135969428,0.014155083201406028,179.47664713125,5.962628865979381,0.02519645120405577
룩셈부르크,2003,39.05714285714286,2555.5,4217.46582031,27.58888888888889,169.7,73.08999999999999,674.8800000000001,6.249208481967163,0.017330312352034093,152.86827379295207,6.151026983487716,0.02860105654470749
룩셈부르크,2004,34.082857142857144,2638.0,4737.31787109,45.019999999999996,196.5,91.15333333333335,801.5700000000002,5.910048867959129,0.01924154887085085,105.22696292958686,4.364726788094181,0.034553955016426594
룩셈부르크,2005,32.09714285714286,3143.5,4941.68310547,48.92,200.6,96.66666666666667,850.4399999999999,5.810736919088942,0.019561486360723,101.01559904885526,4.1005723630417,0.030751285721859926
룩셈부르크,2006,33.47428571428571,3201.5,5268.86181641,48.510000000000005,206.4,102.18333333333332,907.36,5.806804153158613,0.019393815380597156,108.61393148649762,4.254792826221397,0.03191733041803321
룩셈부르크,2007,32.74285714285714,1288.0,5277.87939453,43.08,233.8,112.81,1028.1799999999998,5.133225110904706,0.021374114784986638,122.51344926949862,5.4271123491179205,0.08758540372670807
룩셈부르크,2008,28.9,1327.0,5725.23193359,47.39,272.2,130.72,1222.0199999999998,4.685055836721168,0.022832262782764186,120.81097137771683,5.7438278117746355,0.09850791258477769
룩셈부르크,2009,29.90285714285714,3439.5,6091.46191406,54.0,263.9,136.13333333333335,1233.6,4.937955507506485,0.022348220386820015,112.80485026037037,4.887037037037037,0.03957939623007221
룩셈부르크,2010,28.34857142857143,3503.0,6078.58740234,58.489999999999995,251.1,136.3,1228.92,4.946284056195684,0.022422972802452465,103.92524196170287,4.293041545563344,0.03890950613759635
룩셈부르크,2011,27.582857142857144,3641.5,5694.88330078,64.53999999999999,265.0,128.12,1272.0,4.477109513191825,0.022497388134793215,88.23804308614814,4.10598078710877,0.03518330358368804
룩셈부르크,2012,25.614285714285714,3909.5,5175.36523438,70.65,251.5,107.25333333333333,1253.0700000000002,4.13014854268317,0.020723819184943395,73.25357727360226,3.559801840056617,0.02743402822185275
룩셈부르크,2013,24.34,4009.5,5346.19628906,74.55,258.9,115.65666666666668,1375.91,3.8855712140038223,0.021633449356009735,71.71289455479544,3.4728370221327967,0.02884565822837428
룩셈부르크,2014,24.102857142857143,4130.0,5573.94482422,76.74,254.1,121.86666666666666,1447.5899999999997,3.8504996747836064,0.021863629890473538,72.63415199661193,3.3111806098514465,0.029507667473769168
룩셈부르크,2015,22.81714285714286,4219.5,5546.68212891,80.7,213.7,103.71666666666668,1246.3200000000002,4.450447821514538,0.018698866143073617,68.73212055650558,2.648079306071871,0.024580321523087256
룩셈부르크,2019,23.511111111111113,,,77.16,228.8,132.28333333333333,1535.76,,,,2.9652669777086578,
벨기에,1998,41.08571428571429,38109.0,,,,,6436.65,,,,,
벨기에,1999,39.879999999999995,28642.0,,,,,6377.54,,,,,
벨기에,2000,39.93714285714285,28999.0,2226.01098633,,,,5597.94,0.39764823958992057,,,,
벨기에,2001,38.505714285714284,29303.0,2352.49536133,,,,5699.650000000001,0.41274382836314505,,,,
벨기에,2002,38.17142857142857,29537.0,2524.57861328,32.28888888888889,3990.8000000000006,,6301.4,0.40063773340527503,,78.18722477467308,123.59669649002066,
벨기에,2003,37.37428571428571,29646.0,2850.66943359,34.599999999999994,5199.9,959.3299999999999,8157.179999999999,0.3494675161747075,0.33652797083240354,82.38928998815031,150.28612716763007,0.03235950887134858
벨기에,2004,35.49142857142857,60767.5,3007.65966797,37.2,6042.3,1135.4466666666667,9359.9,0.32133459416980953,0.3775183338589066,80.85106634327957,162.4274193548387,0.01868509757134433
벨기에,2005,34.917142857142856,62241.0,3082.63745117,37.888888888888886,6253.2,1173.4433333333334,9755.68,0.31598386285425517,0.3806621284277068,81.35993272882699,165.04046920821116,0.01885322108149505
벨기에,2006,32.69714285714286,63336.0,3237.81542969,40.675,6407.6,1227.51,10279.08,0.3149907802731373,0.37911673060299367,79.6021002996927,157.53165334972343,0.019380920803334596
벨기에,2007,32.21714285714286,64502.5,3382.28417969,40.955555555555556,7363.600000000001,1427.0199999999998,11757.5,0.2876703533650861,0.42191014243244096,82.58425832124254,179.7948996201845,0.02212348358590752
벨기에,2008,31.785714285714285,65543.0,3663.81152344,46.18888888888889,8261.4,1658.1066666666666,13652.8,0.26835605322278216,0.4525633090181038,79.32235677401972,178.86119797931198,0.025297997752111844
벨기에,2009,30.720000000000002,66660.5,3928.75708008,48.62222222222223,8041.299999999999,1681.4033333333334,13861.44,0.2834306594466376,0.4279733511289264,80.80167669268738,165.383226691042,0.025223383162942575
벨기에,2010,29.942857142857143,68164.0,4100.81152344,50.455555555555556,7797.200000000001,1669.2166666666665,13660.4,0.30019703108547335,0.40704544871802106,81.27571836811275,154.5360052851795,0.024488244038886605
벨기에,2011,28.794285714285714,70220.0,4269.34912109,51.74444444444444,8342.4,1847.5466666666664,15103.14,0.282679570015904,0.43274668205044153,82.50835750442346,161.22310500322095,0.02631083262128548
벨기에,2012,28.2,71957.0,4455.87548828,53.111111111111114,7630.899999999999,1796.2,14290.56,0.31180551974730175,0.40310821178114786,83.8972372270293,143.67803347280332,0.024962130161068418
벨기에,2013,27.442857142857143,73979.0,4621.21923828,54.3,7899.5,1901.96,15230.72,0.3034143650648164,0.4115710382760161,85.10532667182322,145.47882136279927,0.02570945808945782
벨기에,2014,25.89142857142857,75980.5,4702.52832031,55.833333333333336,7901.200000000001,1972.0166666666667,15559.770000000002,0.30222351103583145,0.4193524275334226,84.22438782644775,141.51402985074628,0.02595424703268163
벨기에,2015,26.068571428571428,78073.5,4834.50537109,57.666666666666664,6869.7,1665.1833333333334,13631.95,0.354645180703421,0.34443716689012527,83.83535325589595,119.12774566473989,0.021328406352133993
벨기에,2019,24.669444444444444,36343.0,,59.1888888888889,8234.1,2007.6966666666667,15412.369999999995,,,,139.11563731931668,0.055243008740793735
스웨덴,1998,36.59142857142857,54711.5,,,,1551.07,7636.56,,,,,0.028349981265364685
스웨덴,1999,36.04857142857143,55437.5,,,,1619.61,7592.570000000001,,,,,0.029215062006764374
스웨덴,2000,34.80285714285715,56141.0,2173.01855469,49.22727272727273,2324.5,1557.21,6964.200000000001,0.31202701741621436,0.7166114604217677,44.14257451817175,47.21975992613112,0.027737482410359632
스웨덴,2001,34.34285714285714,57352.5,2368.41894531,51.84545454545455,2254.4,4946.626666666666,6447.84,0.36731974510999027,2.088577562032298,45.682287214466065,43.48307908118534,0.08624953867166499
스웨덴,2002,33.93714285714285,58875.5,2542.59521484,53.36363636363637,2643.0,5549.453333333334,7283.64,0.34908304293457665,2.18259410736858,47.6465883530494,49.52810902896081,0.09425743022706107
스웨덴,2003,33.09142857142857,59901.5,2647.45068359,55.8,3349.8,7064.07,9360.4,0.2828352082806291,2.6682536690054484,47.44535275250897,60.032258064516135,0.11792809862858192
스웨덴,2004,31.905714285714286,61390.5,2754.24731445,58.09090909090909,3864.6,7908.436666666667,10590.25,0.2600738711975638,2.871360398601647,47.41270807347418,66.52676056338028,0.12882183182522813
스웨덴,2005,31.122857142857143,62888.5,2795.51928711,59.08181818181818,3929.6,8069.163333333333,10628.62,0.26301808580135516,2.8864631235205005,47.31606733068164,66.51115556239422,0.12830904431387827
스웨덴,2006,30.27714285714286,64347.5,3044.11352539,59.89090909090908,4185.3,8624.03,11212.15,0.27150132003139454,2.8330185218355557,50.82763931282636,69.882058287796,0.13402276700726526
스웨덴,2007,29.42,65718.0,3277.71606445,60.89090909090908,4855.7,9977.12,12479.02,0.26265813056233583,3.0439244290289555,53.829317272245454,79.74425201552702,0.15181715816062571
스웨덴,2008,29.025714285714287,66648.5,3473.59423828,61.56363636363637,5240.1,10786.24,13149.58,0.26416009015344977,3.105210125331438,56.42282430756054,85.11680448907265,0.16183770077346077
스웨덴,2009,27.997142857142858,67565.0,3550.62109375,61.41818181818182,4635.1,9740.303333333333,11872.8,0.29905507494019945,2.743267466776096,57.81058619190349,75.46788040260509,0.14416196748809787
스웨덴,2010,26.888571428571428,68744.0,3529.96337891,60.83636363636364,5003.0,10538.236666666666,12841.22,0.27489314713944624,2.985367137128974,58.02390491334428,82.23699940227137,0.1532968210558982
스웨덴,2011,26.225714285714286,69815.5,4665.49902344,61.09090909090909,5664.4,16242.783333333333,14524.73,0.32121072291464287,3.481467523994268,76.36977568130952,92.72083333333332,0.23265296865786728
스웨덴,2012,26.177142857142854,70889.5,4896.18164063,61.3,5330.6,16108.846666666666,14530.75,0.3369531263444764,3.2900835485739686,79.87245743278957,86.95921696574226,0.22723882474367382
스웨덴,2013,25.54857142857143,71992.5,5073.265625,62.31818181818182,5578.0,17350.64,15843.6,0.32020914596430106,3.4200141058058633,81.4090764040846,89.50838803792851,0.24100621592527
스웨덴,2014,24.677142857142858,72998.0,5193.25927734,62.627272727272725,5508.8,17279.686666666665,15481.2,0.3354558611309201,3.327329860472008,82.92328647226013,87.96167803745101,0.23671452185904635
스웨덴,2015,24.691428571428574,74148.5,5331.35693359,63.78181818181818,4808.2,14768.086666666668,13233.62,0.40286459287708126,2.770042758461909,83.58740916403934,75.3851197263398,0.19916905489209719
스웨덴,2016,23.697142857142858,75241.0,5395.96533203,64.71818181818182,4945.8,15141.356666666667,13717.620000000004,0.3933601697692456,2.80605150978062,83.37634309921337,76.42056468605142,0.20123811042738224
스웨덴,2019,22.12777777777778,,,67.15454545454546,5314.0,15620.786666666667,13548.15,,,,79.13090564505211,
스페인,1998,36.871428571428574,125599.5,,,,61.306666666666665,12322.08,,,,,0.00048811234651942613
스페인,1999,36.52571428571429,129750.0,,,,1404.0633333333333,12503.59,,,,,0.010821297366730893
스페인,2000,34.22,135383.5,1471.30725098,,,1291.8733333333332,11639.55,0.12640585340326732,0.878044563752982,,,0.009542324827865531
스페인,2001,33.28,143200.0,1561.13378906,,,1350.6033333333332,11981.43,0.13029611566065152,0.8651425923889375,,,0.009431587523277466
스페인,2002,32.74285714285714,149250.0,1673.40270996,,,1517.8066666666666,13684.759999999998,0.12228221101137325,0.9070181717961645,,,0.010169558905639307
스페인,2003,32.791428571428575,158416.5,1908.64770508,,,2053.36,18110.0,0.10539192187078962,1.0758192800771134,,,0.012961781127597188
스페인,2004,30.93142857142857,166216.5,2018.1529541,41.85,12296.5,2475.85,21555.42,0.09362624129337309,1.226790068101707,48.223487553166066,293.8231780167264,0.014895332292522101
스페인,2005,30.682857142857145,172583.5,2152.14648438,43.08,12895.3,2700.6666666666665,23642.65,0.09102814127773325,1.2548712117264111,49.95697503203343,299.3337975858867,0.015648463883665975
스페인,2006,28.78857142857143,179400.0,2423.77734375,47.54,13917.1,3006.61,25815.65,0.09388790689949701,1.2404646028039266,50.983957588346655,292.7450567942785,0.016759253065774804
스페인,2007,28.62857142857143,184650.0,2593.92871094,50.89,15786.7,3558.146666666667,30766.89,0.0843090969200982,1.3717210699199396,50.97128533975241,310.2122224405581,0.01926968137918585
스페인,2008,27.517142857142858,192250.0,2805.49633789,54.260000000000005,18332.8,4168.363333333334,36241.96,0.0774101714667198,1.4857846282089033,51.704687392001475,337.86951713969773,0.02168199393151279
스페인,2009,26.428571428571427,198250.0,2931.09570313,57.39,18267.2,4148.383333333333,38031.36,0.07707049401152101,1.415301222987513,51.07328285642098,318.2993552883778,0.020925010508617066
스페인,2010,25.497142857142858,207450.0,2894.39135742,58.25,17550.9,3976.2166666666667,35375.43,0.08181925583434604,1.3737660791700894,49.68912201579399,301.3030042918455,0.019167108540210493
스페인,2011,24.957142857142856,211617.0,2926.57324219,59.35,17199.1,4168.776666666668,37709.4,0.07760858677650666,1.4244566329551716,49.31041688609941,289.79106992417854,0.01969963030695392
스페인,2012,24.534285714285716,212066.5,2901.80712891,60.36,14225.2,3779.7333333333336,33782.4,0.08589700935723926,1.302544643879591,48.075002135685885,235.6726308813784,0.017823340005768632
스페인,2013,23.51142857142857,208716.0,2934.1262207,66.44444444444444,14170.8,3766.193333333333,34818.36,0.08426951242677713,1.2835825898569644,44.15909027809364,213.27290969899664,0.018044583708643962
스페인,2014,22.897142857142857,207999.0,3045.47314453,68.86666666666666,15015.599999999999,3829.7133333333336,34782.76,0.08755697203240916,1.2575101311308274,44.222746532381414,218.03872216844144,0.01841217185339032
스페인,2015,23.265714285714285,212066.5,3186.09106445,70.05555555555556,12652.5,3360.773333333333,29518.97,0.10793368008605991,1.054826514795015,45.4794918002379,180.60666137985726,0.015847733297495517
스페인,2019,20.66111111111111,242599.0,,76.55,22397.9,3977.263333333334,34419.45,,,,292.59177008491184,0.016394392941987947
슬로바키아,1998,70.39714285714285,,,43.54,367.2,,526.24,,,,8.433624253559945,
슬로바키아,1999,68.5,,,40.581818181818186,328.4,0.02,552.0500000000001,,,,8.092293906810035,
슬로바키아,2000,68.93142857142857,17420.0,602.36566162,40.85454545454546,331.0,0.02,511.0,1.1787977722504892,3.3202423833742575e-05,14.744152821139295,8.101913662661325,1.1481056257175661e-06
슬로바키아,2001,68.77714285714285,17340.0,660.6517334,45.21818181818182,344.0,0.0,529.76,1.2470774188311688,0.0,14.61031175593084,7.607559308403699,0.0
슬로바키아,2002,66.88857142857142,17215.0,733.15466309,44.77272727272727,475.2,0.84,607.23,1.2073755629497884,0.0011457336934333649,16.375028008101523,10.613604060913705,4.8794655823409814e-05
슬로바키아,2003,66.98285714285714,16925.0,771.59796143,43.61,623.7,1.06,776.88,0.9932009595175575,0.0013737724216319927,17.693142889933505,14.301765650080258,6.262924667651404e-05
슬로바키아,2004,64.86285714285714,16938.0,969.39990234,38.23636363636364,624.4,15.053333333333333,905.34,1.0707578394194446,0.015528507169225648,25.352826737375175,16.33000475511174,0.0008887314519620576
슬로바키아,2005,64.42857142857143,,1096.34472656,39.763636363636365,717.7,17.51666666666667,960.84,1.141027357895175,0.01597733472174277,27.57154090571559,18.04915409236397,
슬로바키아,2006,60.60571428571428,,1294.22521973,38.52727272727273,840.7,21.49,1060.5,1.2203915320414898,0.016604528850460216,33.59244317373761,21.820906087777253,
슬로바키아,2007,60.52285714285715,,1522.03088379,41.38181818181818,1172.5,31.39,1280.2,1.1889008622012185,0.020623760223469283,36.780183922869064,28.333699472759225,
슬로바키아,2008,60.91142857142857,,1651.42529297,44.04545454545455,1485.0,37.21666666666667,1497.45,1.1028249978096096,0.022536088568520397,37.49365990231166,33.71517027863777,
슬로바키아,2009,58.677142857142854,,1837.53039551,46.40909090909091,1524.5,160.57333333333335,1575.3,1.166463781825684,0.08738540256296919,39.59419069659158,32.84916748285994,
슬로바키아,2010,57.862857142857145,,1949.16577148,52.21,1479.1,156.52333333333334,1571.2199999999998,1.240542872086659,0.08030273033908517,37.33318849798889,28.329821873204367,
슬로바키아,2012,51.52571428571428,,2035.44787598,47.51818181818182,1418.7,167.41666666666666,1625.4,1.252275055973914,0.08225053003927263,42.83513800608379,29.855940309929213,
슬로바키아,2013,50.357142857142854,,2101.07177734,54.38181818181818,1632.5,171.29333333333332,1738.88,1.2082902657687706,0.0815266452011431,38.635555918990306,30.019224339685724,
슬로바키아,2014,47.894285714285715,,1999.39172363,56.95454545454545,1749.9,165.36,1791.24,1.116205379307072,0.08270515379536549,35.105042234525136,30.724501197126898,
슬로바키아,2019,38.03055555555555,,,55.49090909090909,1936.9,184.26000000000002,1860.27,,,,34.90481651376147,
슬로베니아,1998,54.362857142857145,4335.0,,,,,492.83,,,,,
슬로베니아,1999,53.02285714285714,4216.0,,,,,506.21,,,,,
슬로베니아,2000,50.45428571428572,8956.0,1405.84851074,,,,448.63000000000005,3.13364801894657,,,,
슬로베니아,2001,49.07714285714286,9259.5,1494.46362305,,,,459.8,3.2502471140713354,,,,
슬로베니아,2002,47.65714285714286,9360.5,1624.02233887,,,1.7633333333333334,524.0500000000001,3.0989835681137294,0.0010857814520952133,,,0.00018838025034275234
슬로베니아,2003,48.37428571428571,9579.0,1708.56311035,,,2.273333333333333,648.24,2.635695283151302,0.0013305527431571665,,,0.00023732470334412079
슬로베니아,2004,45.231428571428566,9682.0,1806.00061035,,,2.6266666666666665,743.04,2.4305563769783594,0.0014544107303250705,,,0.00027129380981890793
슬로베니아,2005,44.02857142857143,9823.5,1910.00292969,,,2.8033333333333332,778.3000000000001,2.454070319529744,0.0014677115358081277,,,0.00028537011587859043
슬로베니아,2006,41.31428571428572,9994.0,2013.59802246,,,2.9633333333333334,833.45,2.415979389837423,0.0014716608281691932,,,0.00029651124007737975
슬로베니아,2007,41.16571428571429,10199.5,2076.87255859,29.89090909090909,585.8,111.64333333333333,950.4,2.185261530502946,0.05375550506051685,69.48174618153894,19.597931873479318,0.010945961403336764
슬로베니아,2008,39.12285714285714,10389.0,2338.09667969,31.50909090909091,660.0,137.32,1106.44,2.113170781687213,0.05873153201612123,74.20387615865552,20.946335833814192,0.013217826547309654
슬로베니아,2009,38.25142857142857,10642.5,2360.88232422,32.47272727272727,648.1,133.64333333333335,1128.9599999999998,2.0912010383184527,0.05660736749235779,72.70354301909296,19.958286674132143,0.012557513115652652
슬로베니아,2010,36.66,10875.0,2385.06054688,32.71818181818182,628.8,129.47666666666666,1127.88,2.114640340178033,0.05428653240524256,72.89709923778827,19.21867185329258,0.011905900383141762
슬로베니아,2011,35.34571428571428,11114.0,2472.89672852,36.300000000000004,654.3,137.80666666666667,1205.1,2.05202616257572,0.055726818300715034,68.12387681873278,18.02479338842975,0.012399376162197828
슬로베니아,2012,34.791428571428575,11011.0,2533.16040039,40.32727272727273,583.8,125.62,1095.1,2.31317724444343,0.04959022728314394,62.81506853987827,14.476555455365192,0.011408591408591408
슬로베니아,2013,33.72,11274.5,2621.22412109,41.56363636363636,599.1,130.78333333333333,1151.92,2.2755261833200224,0.049893991239081406,63.065322248447075,14.414041994750658,0.011599923130367938
슬로베니아,2014,31.759999999999998,11681.0,2625.7019043,42.154545454545456,574.3,132.62,1152.69,2.277890763605132,0.050508399214249676,62.287515521457834,13.623679102868232,0.011353480010273094
슬로베니아,2015,32.34285714285714,11976.0,2689.42016602,43.75454545454546,494.9,115.50333333333333,978.37,2.748878405940493,0.04294729949328207,61.4660748519011,11.310824849366298,0.009644566911600979
슬로베니아,2019,29.238888888888887,14138.0,,50.61818181818182,596.6,147.67666666666665,1143.62,,,,11.786278735632184,0.010445371811194416
아이슬란드,1998,36.38285714285715,2305.0,,35.90909090909091,116.5,199.3066666666667,120.7,,,,3.244303797468355,0.08646710050614607
아이슬란드,1999,37.61714285714285,2327.5,,37.27272727272727,126.9,228.87,129.6,,,,3.4046341463414636,0.0983329752953813
아이슬란드,2000,35.81428571428572,2348.0,2666.73071289,37.85454545454545,133.1,222.11333333333334,130.5,20.434718106436783,0.08329049958427327,70.44677675742076,3.516090297790586,0.09459681998864282
아이슬란드,2001,33.16285714285714,2367.5,2822.03808594,39.22727272727273,133.5,200.26,118.9,23.734550764844407,0.070962897700686,71.94071597993049,3.40324449594438,0.08458711721224921
아이슬란드,2002,32.791428571428575,2422.5,3110.16259766,40.76363636363636,149.2,243.58666666666667,147.87,21.033087155339146,0.07831959231004017,76.29747674901874,3.6601248884924176,0.10055177158582732
아이슬란드,2003,31.317142857142855,2497.5,3272.38623047,42.29090909090909,192.5,292.2,193.8,16.88537786620227,0.0892926382831138,77.3780063094798,4.551805674978504,0.11699699699699699
아이슬란드,2004,31.72285714285714,2527.5,3381.32373047,43.67272727272727,214.0,338.82666666666665,229.08000000000004,14.760449321066874,0.1002053318980996,77.4241486993547,4.900083263946711,0.13405605011539728
아이슬란드,2005,29.337142857142855,2609.0,3426.03393555,44.845454545454544,229.4,399.56666666666666,267.02,12.830626677964199,0.11662659336808992,76.39645913450234,5.115345631461586,0.15314935479749583
아이슬란드,2006,30.07714285714286,2631.0,3498.62109375,45.41818181818182,237.0,397.81666666666666,267.75,13.066745448179272,0.11370670215683933,77.03128909377502,5.218174539631705,0.15120359812492082
아이슬란드,2007,29.417142857142853,2743.5,3627.29223633,51.36,253.4,483.5233333333333,314.65,11.52802236240267,0.13330145514345149,70.62484883820093,4.93380062305296,0.1762432416013608
아이슬란드,2008,28.597142857142856,2941.0,3798.19482422,49.37,233.6,399.15333333333336,269.69000000000005,14.083558249174976,0.10509027361841655,76.93325550374722,4.731618391735872,0.13572027654992633
아이슬란드,2009,27.568571428571428,3016.5,3744.6652832,53.19,211.1,301.09,224.4,16.68745669875223,0.08040505017919888,70.40167857115999,3.9687911261515323,0.09981435438422011
아이슬란드,2010,28.06571428571429,2883.5,3352.71362305,52.654545454545456,204.6,297.63,226.32,14.81404039877165,0.08877286683651876,63.67377391842196,3.8857044198895023,0.10321831108028437
아이슬란드,2011,25.88285714285714,2923.0,3317.45214844,49.22727272727273,224.9,326.20666666666665,250.8,13.227480655661882,0.09833048136656988,67.39053302463527,4.568605724838412,0.1115999543847645
아이슬란드,2012,24.622857142857146,3002.5,3383.85449219,49.83636363636364,194.1,317.0,239.76,14.113507224683017,0.09368015106194488,67.89930575353885,3.894746442904049,0.10557868442964197
아이슬란드,2013,25.642857142857142,3085.5,3592.39331055,51.790909090909096,213.0,350.9533333333334,252.77,14.212103139415278,0.09769346031868709,69.3633954994734,4.112690889942074,0.11374277534705343
아이슬란드,2014,24.36,3106.0,3770.97680664,55.21,202.9,395.9166666666667,284.61,13.249628637925582,0.1049904804425023,68.3024235942764,3.6750588661474373,0.12746834084567504
아이슬란드,2015,24.334285714285716,3180.5,3979.375,57.79,185.0,383.0133333333333,264.25,15.059129612109745,0.09624962043872048,68.85923170098633,3.201245890292438,0.12042550961588848
아이슬란드,2016,24.76,3031.0,4314.76123047,60.45,210.1,461.28,312.0,13.829362918173075,0.10690742207066543,71.37735699702232,3.475599669148056,0.1521873968987133
아이슬란드,2019,23.276470588235295,3471.5,,63.029999999999994,274.3,583.8233333333334,431.52,,,,4.351895922576551,0.16817610062893082
아일랜드,1998,49.628571428571426,,,,,,1315.4599999999998,,,,,
아일랜드,1999,49.72571428571429,,,,,,1352.19,,,,,
아일랜드,2000,47.277142857142856,,1795.53442383,,,,1278.7200000000005,1.4041654340512382,,,,
아일랜드,2001,44.371428571428574,,2100.93530273,,,,1474.2,1.4251358721543887,,,,
아일랜드,2002,42.19714285714285,,2369.66894531,,,,1841.76,1.2866328649281122,,,,
아일랜드,2003,40.00857142857143,,2560.51660156,,,,2448.07,1.0459327558280602,,,,
아일랜드,2004,38.38285714285715,,2822.62646484,,,,2947.28,0.9577055674520235,,,,
아일랜드,2005,36.49142857142857,,3128.88818359,,,,3260.18,0.9597286602549553,,,,
아일랜드,2006,35.582857142857144,,3372.33935547,,,,3572.8,0.9438925647867219,,,,
아일랜드,2007,35.30571428571429,,3697.59887695,,,,4370.76,0.8459853382363708,,,,
아일랜드,2008,34.56285714285715,,4059.45043945,20.7,3039.1,,5276.16,0.769394870407645,,196.10871688164252,146.81642512077295,
아일랜드,2009,34.19714285714286,,4381.68017578,19.0,3033.2,,5449.290000000001,0.8040827659713466,,230.61474609368423,159.64210526315787,
아일랜드,2010,30.462857142857143,,4561.2578125,19.0,2717.7,,5285.9800000000005,0.8628972891497886,,240.06620065789474,143.03684210526316,
아일랜드,2011,30.985714285714284,12215.0,4813.00146484,20.8,2723.5,887.0866666666666,5464.8,0.8807278335602401,0.18431049172684102,231.39430119423076,130.9375,0.07262273161413561
아일랜드,2012,30.337142857142855,12450.0,4954.57910156,21.0,2627.1,840.82,5085.0,0.9743518390481809,0.16970563649599604,235.9323381695238,125.1,0.06753574297188755
아일랜드,2013,29.368571428571432,12367.0,4948.54980469,21.6,2602.6,855.46,5127.75,0.9650528603559066,0.17287084777629919,229.0995279949074,120.49074074074073,0.06917279857685776
아일랜드,2014,27.96,14029.0,4962.42431641,21.0,2542.4,870.59,5074.44,0.977925508314218,0.17543642874735405,236.3059198290476,121.06666666666668,0.062056454487133796
아일랜드,2019,23.288888888888888,16366.0,,22.8,2693.7,959.2166666666667,5341.240000000001,,,,118.14473684210525,0.05861033035968879
에스토니아,1998,87.03714285714287,6335.5,,,,,,,,,,
에스토니아,1999,82.14571428571428,6266.5,,26.72,60.7,4.996666666666667,88.16,,,,2.2717065868263475,0.0007973616319582968
에스토니아,2000,78.02571428571429,6131.5,485.08102417,27.57,66.4,3.966666666666667,79.23,6.1224412996339765,0.008177328052470923,17.59452390895901,2.4084149437794706,0.0006469325069993748
에스토니아,2001,78.34,5956.5,491.65905762,23.527272727272727,74.3,3.716666666666667,82.53,5.957337424209379,0.0075594390239816425,20.8974097133694,3.158037094281298,0.0006239682139959149
에스토니아,2002,76.46571428571428,6191.5,546.90863037,22.78181818181818,88.7,4.1933333333333325,94.72,5.773950911845439,0.007667338016766014,24.006364461572225,3.8934557063048687,0.0006772726049153408
에스토니아,2003,74.47714285714285,6259.5,635.64453125,22.11818181818182,115.2,5.94,127.71,4.977249481246575,0.009344845598402212,28.738552584258112,5.208384710234278,0.0009489575844716032
에스토니아,2004,70.95428571428572,6314.5,741.41253662,24.254545454545454,152.4,7.830000000000001,160.93,4.607049876468029,0.010560922041723111,30.567983144002998,6.2833583208395805,0.0012400031673133265
에스토니아,2005,68.00285714285714,6386.0,838.36877441,23.809090909090912,160.0,9.456666666666667,180.48,4.645217056792997,0.01127984122896487,35.212128745742646,6.720122184039709,0.001480843511848836
에스토니아,2006,67.39142857142856,6389.0,917.68505859,25.836363636363636,181.4,11.090000000000002,212.5,4.318517922776471,0.01208475598048802,35.51912612417312,7.021111893033075,0.0017357958992017533
에스토니아,2007,65.18285714285715,6477.5,1102.96923828,24.863636363636363,233.1,15.543333333333331,277.76,3.970943398185484,0.014092263676883706,44.36073718859232,9.375137111517367,0.0023995883185385304
에스토니아,2008,62.52857142857143,6523.0,1302.35705566,25.936363636363637,280.5,19.706666666666667,368.44,3.534787362012811,0.015131539066819008,50.21355629954434,10.814931650893795,0.0030211048086258878
에스토니아,2009,58.682857142857145,6298.0,1340.14611816,24.20909090909091,262.9,17.970000000000002,380.21,3.5247524214513035,0.013408985599773654,55.35714344633871,10.859556890724745,0.002853286757700858
에스토니아,2010,56.114285714285714,6236.5,1365.05725098,24.80909090909091,257.2,17.103333333333335,354.6,3.8495692357021993,0.01252938902090336,55.02246156386955,10.36716746060828,0.002742457040540902
에스토니아,2011,52.64857142857143,6327.5,1426.67285156,26.3,284.5,38.85666666666667,374.4,3.810557830021368,0.027235863235344195,54.24611602889734,10.817490494296578,0.0061409192677466095
에스토니아,2012,52.09428571428571,6250.5,1513.63830566,28.972727272727273,284.9,38.916666666666664,361.92,4.182245539511494,0.025710677723432492,52.243556204141825,9.833385629118292,0.006226168573180812
에스토니아,2013,49.534285714285716,5911.5,1649.7253418,30.372727272727275,306.8,44.01,394.68,4.179906105705888,0.026677167941168374,54.31600945764741,10.101167315175097,0.007444810961684851
에스토니아,2014,49.308571428571426,5984.5,1769.96166992,32.300000000000004,331.4,48.30666666666667,426.12,4.1536695529897685,0.027292493101757433,54.797574920123836,10.260061919504642,0.008071963683961346
에스토니아,2015,46.542857142857144,6198.0,1866.38952637,34.04545454545455,294.2,43.53333333333333,395.6,4.717870390217391,0.023324891571805315,54.82052013369827,8.641388518024032,0.007023771108959879
에스토니아,2019,40.00555555555556,6441.0,,38.47272727272727,385.5,64.06666666666666,557.55,,,,10.020085066162572,0.009946695647673757
영국,1998,44.21714285714285,110952.0,,30.3,11576.2,,28077.2,,,,382.05280528052805,
영국,1999,43.33714285714286,112183.0,,33.7,12733.5,,28260.960000000003,,,,377.8486646884273,
영국,2000,41.082857142857144,298147.5,1927.10351563,37.6,14721.7,,28023.58,0.06876721374035723,,51.25275307526596,391.5345744680851,
영국,2001,40.37714285714286,306748.5,2129.1003418,42.7,14813.1,,29004.99,0.0734046225080581,,49.86183470257611,346.91100702576114,
영국,2002,39.714285714285715,319256.0,2337.69042969,46.7,16531.2,,32041.8,0.07295752516057151,,50.057610914132766,353.9871520342612,
영국,2003,39.05428571428572,330331.0,2491.27636719,48.8,19511.1,,38351.83,0.06495847439848372,,51.05074522930329,399.81762295081967,
영국,2004,36.90857142857143,340408.5,2720.83422852,50.8,23380.6,,46551.6,0.05844770595468255,,53.559728907874025,460.248031496063,
영국,2005,35.68857142857143,348592.0,2798.05444336,47.81428571428571,24072.8,,48883.04000000001,0.05723977975510523,,58.51921453098297,503.4645951598447,
영국,2006,34.34285714285714,348118.0,3035.11376953,48.25714285714286,25391.6,,51955.2,0.0584179017601703,,62.894601500029594,526.1728833629365,
영국,2007,33.31142857142857,341381.0,3171.75708008,43.730000000000004,28813.1,,60939.98,0.05204722876640261,,72.53046146992911,658.8863480448204,
영국,2008,32.62285714285714,347127.5,3373.20361328,46.28,27134.0,,61641.54000000001,0.054722896496096615,,72.88685421953328,586.3007778738115,
영국,2009,30.93142857142857,347150.0,3519.1706543,48.82,22521.5,,55967.68,0.06287862306066644,,72.08460987914789,461.31708316263826,
영국,2010,30.08,346905.0,3645.00756836,51.52,20328.3,,57821.28,0.06303920577960224,,70.74937050388198,394.5710403726708,
영국,2011,28.468571428571426,344337.5,3720.18945313,53.629999999999995,20802.4,,61443.69,0.060546322220068484,,69.36769444583256,387.8873764683946,
영국,2012,28.12857142857143,338807.0,3863.46435547,55.83,21755.9,,62732.8,0.06158603402797261,,69.20050788948595,389.68117499552216,
영국,2013,27.845714285714287,341589.0,4002.44018555,56.09090909090909,22827.9,71923.43666666666,62345.92,0.0641973073065567,17.969896696103458,71.35630800818477,406.9803889789303,0.21055548236818708
영국,2014,26.902857142857144,345033.0,4125.12402344,57.709090909090904,26319.5,78727.32333333333,67134.45,0.06144571115783328,19.08483790692952,71.4813551635791,456.0719911783239,0.22817331482302658
영국,2015,27.16857142857143,347647.0,4228.21289063,58.945454545454545,27021.7,76283.83666666666,63055.2,0.06705573672956394,18.04162624727735,71.73094046411167,458.4187230104874,0.21942900892763825
영국,2019,22.549999999999997,372222.5,,,,74781.19666666667,58314.48000000001,,,,,0.2009045575339123
오스트레일리아,1998,36.497142857142855,118147.0,,31.060000000000002,2189.9,6939.203333333334,7020.64,,,,70.50547327752736,0.058733639731295195
오스트레일리아,1999,35.12571428571429,118702.0,,33.12,2552.3,7517.850000000001,6683.92,,,,77.06219806763286,0.06333381071928022
오스트레일리아,2000,33.791428571428575,119470.0,2155.09350586,34.95,2607.8,7298.073333333333,7556.639999999999,0.28519203056649517,3.3864300149802564,61.6621890088698,74.61516452074392,0.06108707904355347
오스트레일리아,2001,32.60285714285714,120561.5,2277.91894531,36.660000000000004,2713.3,7148.533333333334,6622.0,0.34399259216399874,3.138185995621761,62.136359664757215,74.01254773595198,0.059293666164848095
오스트레일리아,2002,32.03142857142857,121874.0,2438.21826172,37.69,3130.6,8222.643333333332,6826.580000000001,0.3571654125081666,3.3723983871455405,64.69138396710004,83.0618201114354,0.06746839632188434
오스트레일리아,2003,30.57714285714286,123897.0,2561.37768555,37.97,4065.7,10479.436666666666,8163.75,0.31375013756545705,4.091328165223879,67.45793219778773,107.0766394521991,0.08458184352055874
오스트레일리아,2004,29.859999999999996,128741.5,2752.94458008,39.7,5075.9,13104.653333333334,10535.0,0.2613141509330802,4.760231436606877,69.34369219345088,127.8564231738035,0.10179043535560277
오스트레일리아,2006,28.38,58167.0,3012.49291992,40.839999999999996,5477.5,15723.813333333332,11713.77,0.25717535173731426,5.219535365331545,73.76329382761999,134.1209598432909,0.2703218892728408
오스트레일리아,2007,27.197142857142858,137566.0,3181.015625,43.04,6484.1,19158.61,13564.29,0.23451397935313972,6.02279657145664,73.90835559944239,150.6528810408922,0.1392684965761889
오스트레일리아,2008,27.28857142857143,141522.5,3297.27905273,44.29,7119.7,20814.286666666667,18023.4,0.18294434195157405,6.312564491450417,74.44748369225559,160.7518627229623,0.14707404594086923
오스트레일리아,2009,25.917142857142856,144213.5,3553.89819336,44.52,7137.0,20850.78,15679.819999999998,0.2266542723934331,5.867016685778166,79.82700344474392,160.3099730458221,0.14458271937093267
오스트레일리아,2010,25.21142857142857,,3587.32763672,45.05,8984.9,26525.076666666664,19025.26,0.18855603743233998,7.394104847060841,79.6299142446171,199.44284128745838,
오스트레일리아,2011,24.99142857142857,150906.0,3760.75976563,47.35,10584.2,32081.446666666667,23742.2,0.1583998014349976,8.53057591177787,79.4247046595565,223.5311510031679,0.21259225389756978
오스트레일리아,2012,23.885714285714286,153789.5,3778.47363281,48.13,10721.7,33525.43,26749.26,0.14125525838135336,8.872744197256074,78.50558140058175,222.76542696862663,0.21799557186934088
오스트레일리아,2013,23.365714285714283,167581.5,4161.62011719,47.8,11411.0,32909.61666666667,27110.64,0.15350504883654537,7.90788580887768,87.06318236799164,238.72384937238496,0.1963797714345955
오스트레일리아,2014,23.32857142857143,172922.0,4283.14208984,48.67,10716.1,32493.993333333332,26121.5,0.16396998984897498,7.58648502705806,88.00374131580028,220.17875487980277,0.18791127406190844
오스트레일리아,2015,23.2,177320.5,4388.90527344,49.019999999999996,9228.5,28563.406666666666,24465.770000000004,0.17938962368402872,6.5080936787407175,89.5329513145655,188.25989392084864,0.16108349946377698
오스트레일리아,2019,20.188888888888886,203472.5,,44.87,10816.1,,,,,,241.05415645197237,
오스트리아,1998,46.37714285714286,36061.5,,,,372.0,5588.4800000000005,,,,,0.010315710660954203
오스트리아,1999,45.31142857142857,36697.0,,,,687.7766666666666,5647.2,,,,,0.018742040675441225
오스트리아,2000,43.25142857142857,37648.5,2707.86816406,,,615.76,5057.76,0.5353888211500742,0.22739659492017877,,,0.016355498891058078
오스트리아,2001,41.00285714285714,38387.5,2761.7890625,,,623.0733333333334,5090.34,0.5425549300243205,0.22560496809605038,,,0.016231151633561272
오스트리아,2002,40.69428571428571,39227.0,2935.81860352,,,678.5266666666668,5548.400000000001,0.5291288666137985,0.23112009231535083,,,0.017297439688649826
오스트리아,2003,40.05714285714286,39778.5,3073.54052734,,,841.9833333333332,6961.22,0.44152325703540474,0.27394573972383207,,,0.021166794457642527
오스트리아,2004,37.65142857142857,41384.5,3288.08813477,,,970.2266666666666,7913.669999999999,0.4154947242897417,0.29507319357013934,,,0.02344420415050723
오스트리아,2005,36.71142857142858,42406.0,3381.65991211,,,1018.5566666666667,8216.0,0.41159443915652383,0.3012002073357916,,,0.024019163954786274
오스트리아,2006,35.17142857142857,43800.0,3591.53173828,,,1072.1566666666665,8635.199999999999,0.4159176091208079,0.2985235116368837,,,0.024478462709284624
오스트리아,2007,34.16285714285714,44583.5,3760.33056641,,,1237.93,9756.37,0.3854231201163957,0.32920775930129353,,,0.027766550405419047
오스트리아,2008,32.925714285714285,45618.5,4024.80249023,,,1395.0966666666666,10972.65,0.3668031414681048,0.3466248766375969,,,0.030581818048964052
오스트리아,2009,32.817142857142855,46570.5,4192.42333984,,,1387.3766666666668,11005.5,0.3809389250683749,0.33092475501761104,,,0.029790890513665663
오스트리아,2010,31.882857142857137,47361.0,4302.70996094,31.119999999999997,3305.0,1364.0566666666666,10816.44,0.3977935402905207,0.31702268548184115,138.26188820501287,106.20179948586119,0.028801264049886335
오스트리아,2011,30.68,48114.0,4465.65917969,31.65,3548.9,1465.7966666666664,11510.37,0.38796834330173574,0.32823746902431994,141.09507676745656,112.12954186413903,0.030465076000055418
오스트리아,2012,30.72285714285714,48676.5,4750.58154297,32.269999999999996,3357.1,1423.3733333333332,11094.74,0.42818322402958514,0.29962086124795984,147.21355881530835,104.03160830492719,0.029241488877247403
오스트리아,2013,30.057142857142857,49524.5,4945.44970703,32.72,3499.8,1503.5600000000002,11827.75,0.41812261055822114,0.30402897391973804,151.14455094834966,106.96210268948656,0.03035992286646004
오스트리아,2014,29.102857142857143,50583.0,5082.53710938,35.56,3703.1,1556.86,12243.4,0.41512464751457934,0.30631552047633065,142.928490140045,104.13667041619797,0.03077832473360615
오스트리아,2015,29.665714285714284,51367.0,5206.01708984,34.66,3249.6,1338.3366666666666,10575.86,0.4922547282055549,0.25707496605774655,150.20245498672824,93.75649163300635,0.026054405876665302
오스트리아,2016,27.965714285714284,51990.5,5476.12109375,30.919999999999998,3327.8,1394.55,10958.12,0.4997318056153792,0.25466018302473736,177.1061155805304,107.62613195342821,0.026823169617526278
오스트리아,2019,26.75,69669.5,,32.63,3708.3,1576.36,11973.19,,,,113.64695065890285,0.02262625682687546
이탈리아,1998,38.93714285714285,,,,,1.24,28323.23,,,,,
이탈리아,1999,37.47428571428572,,,,,317.77,28420.4,,,,,
이탈리아,2000,36.24857142857143,196074.0,2049.43066406,,,299.01,25849.88,0.07928201848751328,0.14589905637873588,,,0.0015249854646715015
이탈리아,2001,35.034285714285716,199794.0,2170.55786133,,,309.62,26607.6,0.08157661199544491,0.14264535653073154,,,0.001549696187072685
이탈리아,2002,34.24285714285714,203479.0,2263.52441406,,,342.78,29607.31,0.07645153896318171,0.15143640504639763,,,0.0016845964448419738
이탈리아,2003,34.620000000000005,254229.0,2291.76147461,,,422.91,37148.76,0.06169146627262928,0.18453491110891837,,,0.0016635002301075017
이탈리아,2004,32.28857142857142,254267.0,2419.03344727,,,512.35,43096.48,0.05613065028211121,0.21179946915501005,,,0.0020150078460830544
이탈리아,2005,32.23714285714286,252075.5,2516.80322266,,,542.5,44765.75,0.05622162529746513,0.21555121795602034,,,0.002152132991901236
이탈리아,2006,30.34285714285714,257684.0,2738.93994141,,,602.18,47139.18,0.05810325808403964,0.21985878218636626,,,0.0023368932490957913
이탈리아,2007,29.811428571428575,264741.0,2785.30493164,,,669.85,53268.23000000001,0.052288295136519454,0.24049431442523936,,,0.0025302087700809473
이탈리아,2008,29.125714285714285,266042.0,3040.12280273,,,765.29,59972.5,0.05069194718796115,0.25172996278728516,,,0.0028765758789965493
이탈리아,2009,28.445714285714285,267263.5,3103.13623047,,,747.76,59162.4,0.05245115530252323,0.24096911784203057,,,0.0027978380886278897
이탈리아,2010,27.362857142857145,268194.5,3139.1081543,,,731.14,57618.0,0.0544813800253393,0.2329132874885094,,,0.0027261558309361303
이탈리아,2011,27.345714285714287,270191.5,3211.95605469,38.372727272727275,27160.8,743.39,60967.2,0.052683345383911354,0.2314446360231251,83.70413788578536,707.8152096659559,0.0027513448794651203
이탈리아,2012,27.082857142857144,267409.0,3212.63549805,39.554545454545455,24504.6,5778.006666666667,56977.83,0.05638395667314813,1.798525438125113,81.22038721799586,619.5141346816823,0.021607375468539455
이탈리아,2013,25.68285714285714,270481.0,3216.07177734,40.554545454545455,25825.3,5876.509999999999,59742.27,0.05383243350712988,1.827232228274593,79.30237514176194,636.8040798027348,0.021726147123088124
이탈리아,2014,24.8,278297.0,3210.07373047,40.845454545454544,26420.6,6021.153333333333,60886.62,0.05272215357774828,1.875705618902327,78.59072120002226,646.8430892499443,0.02163571052987755
이탈리아,2015,25.44857142857143,281852.0,3265.52246094,49.45454545454545,25090.7,5061.466666666666,51955.97,0.06285172735568213,1.5499714753790708,66.03078505577207,507.34871323529416,0.017957888064184985
이탈리아,2019,22.788888888888888,304814.5,,40.80909090909091,25591.1,5378.36,56538.18,,,,627.093116507017,0.017644698660988896
일본,1998,33.02571428571429,238771.0,,,,69869.58,57664.75,,,,,0.29262171704268947
일본,1999,33.08571428571429,,,,,82995.29333333332,68887.71,,,,,
일본,2000,31.10571428571429,245315.0,1908.95996094,,,90487.98666666668,75267.5,0.025362340464875278,47.40172057988532,,,0.3688644667740117
일본,2001,30.14857142857143,,2012.81750488,,,81673.37,69286.35,0.029050707749506213,40.576639363472346,,,
일본,2002,29.325714285714287,663259.0,2097.13427734,,,79296.49333333333,67487.64,0.031074346018619116,37.81183407765039,,,0.1195558497258738
일본,2003,29.14,,2195.60717773,,,86301.40333333334,73798.62000000001,0.029751331091692496,39.306395155147406,,,
일본,2004,28.388571428571428,691057.5,2315.77514648,,,93984.12666666666,80893.68000000001,0.02862739272684837,40.58430578181281,,,0.13600044376432738
일본,2005,28.42,,2453.00952148,,,93963.81333333334,81317.34,0.030165884932783094,38.30552328090482,,,
일본,2006,27.3,717632.0,2572.18847656,,,89015.47666666667,77922.87999999999,0.033009412338968994,34.606902829187085,,,0.12404056210796992
일본,2007,26.69714285714286,,2711.88183594,,,90228.51333333335,79469.28000000001,0.03412490758617669,33.27155045531624,,,
일본,2008,26.291428571428572,751051.5,2842.77124023,,,105221.56333333334,93704.94,0.030337474632927568,37.01372866176182,,,0.14009899898120615
일본,2009,25.377142857142857,,2995.34155273,,,119233.81,108813.12,0.027527393321044376,39.80641536232437,,,
일본,2010,25.242857142857144,788891.0,3191.90722656,,,132396.99333333335,120842.12,0.026413863200678702,41.47896036314971,,,0.1678267255341148
일본,2011,25.374285714285715,,3778.41430664,13.3,87553.3,168525.72,136696.5,0.027640900144773276,44.602234250447644,284.09130125112785,6582.954887218045,
일본,2012,23.982857142857142,818213.5,3988.36352539,14.0,87437.9,172667.63666666666,137090.72,0.029092877514904,43.29285321346991,284.8831089564286,6245.564285714286,0.21103005104006065
일본,2013,23.205714285714286,,4177.43408203,14.0,70638.5,143629.30333333334,113940.97,0.036663143047053225,34.38218306093235,298.3881487164286,5045.607142857143,
일본,2014,22.454285714285714,847530.0,4214.34863281,,,136089.82666666666,105738.72,0.03985624786085929,32.29201912892672,,,0.16057228259373316
일본,2015,21.765714285714285,,4368.33300781,,,121797.16666666667,97446.9,0.0448278293902628,27.881841070474596,,,
일본,2019,19.775,,,,,,,,,,,
체코,1998,61.357142857142854,53404.5,,35.07,1028.9,,1142.28,,,,29.338465925292276,
체코,1999,60.77142857142857,53762.0,,37.33,1053.2,77.44,1154.04,,,,28.213233324403966,0.0014404226033257691
체코,2000,59.54857142857142,56301.0,923.64324951,36.72,994.4,662.3766666666667,1106.2199999999998,0.8349543938005101,0.7171347454962321,25.15368326552288,27.08061002178649,0.011764918325903033
체코,2001,58.01714285714286,57714.0,1031.98852539,39.410000000000004,1163.0,757.1266666666667,1206.84,0.8551162750571741,0.7336580282038893,26.185955985536662,29.510276579548336,0.013118596296681337
체코,2002,57.705714285714286,58620.5,1127.0559082,38.769999999999996,1467.1,965.3000000000001,1520.7,0.7411428343526008,0.8564792509199146,29.070309729172042,37.84111426360588,0.01646693562832115
체코,2003,58.308571428571426,58672.0,1273.44470215,38.99,1851.0,1366.1133333333335,1871.87,0.6803061655723955,1.0727700472795385,32.66080282508335,47.47371120800205,0.02328390600854468
체코,2004,54.777142857142856,59325.0,1328.35302734,37.910000000000004,2217.7,1562.8666666666666,2132.44,0.6229263319671362,1.1765446643323993,35.039647252439984,58.49907676074913,0.026344149459193705
체코,2005,53.94285714285714,59608.0,1402.73718262,42.230000000000004,2708.0,1742.9466666666667,2467.8,0.5684160720560824,1.2425325914660872,33.21660389817665,64.12502959981056,0.029240146736455957
체코,2006,50.82285714285714,59631.5,1475.28820801,40.64,2609.8,2001.21,2750.880000000001,0.5362968242925898,1.3564874911454827,36.301383071112205,64.21751968503938,0.03355961195005995
체코,2007,50.05714285714286,59741.0,1578.52148438,47.3,3309.3,2424.97,3309.48,0.47696964005825687,1.5362286950135884,33.3725472384778,69.96405919661734,0.04059138615021509
체코,2008,48.08571428571429,59843.0,1777.90515137,45.47,4219.3,3225.036666666667,4191.36,0.42418335608728436,1.8139531595268459,39.100619119639326,92.79305036287663,0.05389162753649829
체코,2009,47.62571428571429,60932.5,2016.29541016,46.95,4198.2,3256.0,4148.0,0.4860885752555449,1.6148427376232657,42.94558914078807,89.4185303514377,0.05343617937882083
체코,2010,46.15428571428572,61228.5,1919.07458496,49.56,4265.7,3177.28,4098.360000000001,0.4682542736509237,1.655631326109311,38.72224747699758,86.07142857142857,0.05189217439591041
체코,2011,44.90285714285714,61249.5,2010.95739746,50.959999999999994,4574.1,3546.7400000000002,4500.16,0.4468635331765982,1.7637071797144068,39.46148739128729,89.75863422291995,0.05790643188923992
체코,2012,43.9,61656.0,2042.60461426,52.35,4277.8,3209.226666666666,4136.22,0.4938336486598875,1.571144334181049,39.018235229417385,81.71537726838586,0.05205051684615716
체코,2013,43.5,61410.5,2379.50756836,54.129999999999995,4073.0,3725.2233333333334,4382.19,0.5429950705834298,1.565543805309611,43.95912744060595,75.24478108257898,0.06066101616715926
체코,2014,40.637142857142855,83492.0,2472.17553711,56.27,3905.9,3668.8033333333337,4208.9400000000005,0.587362979065988,1.4840383614596417,43.934166289497064,69.41354185178604,0.043941974480588966
체코,2015,40.9,84450.0,2441.99023438,59.69,3432.8,3119.5399999999995,3628.4,0.6730212309502811,1.277458016039947,40.911211834143074,57.51047076562239,0.03693949082297217
체코,2016,38.394285714285715,83799.0,2521.82177734,60.760000000000005,3570.9,3210.9233333333336,3710.07,0.6797235031522316,1.2732554545231158,41.50463754674128,58.77057274522712,0.03831696480069373
체코,2019,36.53055555555556,67376.5,,60.28181818181818,4508.6,4643.259999999999,4813.44,,,,74.79203740009049,0.06891512619385096
캐나다,1998,37.50857142857143,,,,,13783.333333333334,10778.0,,,,,
캐나다,1999,36.86571428571428,,,,,13140.269999999999,10854.4,,,,,
캐나다,2000,35.12571428571429,61748.0,2429.59179688,,,14166.443333333335,11693.36,0.20777533547928054,5.830791555818308,,,0.22942351709097192
캐나다,2001,34.17142857142857,62488.0,2617.79223633,,,14697.85,11897.9,0.22002136816833223,5.614597597174317,,,0.23521076046600947
캐나다,2002,33.542857142857144,63498.0,2758.29760742,,,15462.42,12321.72,0.22385654011128317,5.605783784318662,,,0.24351034678257583
캐나다,2003,32.90571428571429,166467.0,2928.47949219,,,18448.57,14507.1,0.2018652585416796,6.299709473534211,,,0.11082418737647702
캐나다,2004,31.794285714285714,168486.0,3086.68823242,,,21189.486666666668,16632.54,0.18558129019500327,6.86479652985681,,,0.12576407931024933
캐나다,2005,31.114285714285714,174059.0,3290.41967773,,,24192.563333333335,18886.91,0.17421694060754248,7.352424828076442,,,0.1389905913129073
캐나다,2006,29.405714285714286,177889.0,3554.80078125,,,29728.91,21504.59,0.16530428067914804,8.363031244059256,,,0.16712056394718056
캐나다,2007,29.21142857142857,183610.5,3717.99462891,,,33511.84,23941.44,0.15529536355833234,9.013418077428645,,,0.18251592365360367
캐나다,2008,28.51142857142857,188207.0,3855.40722656,,,35956.700000000004,25313.9,0.15230396053393588,9.32630404183853,,,0.19104868575557765
캐나다,2009,27.585714285714285,194371.5,4140.42578125,,,35747.369999999995,24880.26,0.16641408816668316,8.633742491384018,,,0.1839126106450791
캐나다,2010,26.725714285714286,198026.5,4256.97802734,,,41566.340000000004,28464.480000000003,0.14955404164558775,9.764283426657242,,,0.20990291703383135
캐나다,2011,25.72285714285714,199894.0,4273.02832031,,,44756.22666666666,30665.43,0.13934349918817376,10.474123575062027,,,0.22389980022745387
캐나다,2012,25.497142857142858,204928.0,4384.10888672,38.36,24313.2,46581.0,31448.48,0.139406066262026,10.624964206774045,114.28855283420229,633.8164754953076,0.2273042239225484
캐나다,2013,25.097142857142856,210488.0,4552.95996094,38.6,23860.1,46996.11666666667,31392.2,0.1450347526117953,10.322101900708104,117.95233059430052,618.1373056994818,0.22327218970519302
캐나다,2019,21.844444444444445,239086.0,,61.2,23989.8,45650.87666666667,,,,,391.9901960784313,0.19093914602555848
포르투갈,1998,44.54571428571428,,,,,,2081.52,,,,,
포르투갈,1999,43.32571428571429,,,,,,2191.28,,,,,
포르투갈,2000,40.99142857142857,,1588.42456055,36.79,2158.1,291.21,2188.55,0.7257885634552557,0.18333259711066607,43.17544334194075,58.65996194618103,
포르투갈,2001,42.733333333333334,,1647.28527832,38.93,2285.2,298.59666666666664,2308.5,0.7135738697509205,0.18126591100916858,42.31403232263037,58.70023118417672,
포르투갈,2002,40.917142857142856,,1747.25976563,40.36,2586.3,337.4266666666667,2724.26,0.6413704145823085,0.19311763099232276,43.29186733473736,64.08077304261646,
포르투갈,2003,40.07714285714286,,1857.71166992,40.05,3092.0,434.3933333333334,3512.3700000000003,0.5289054598234241,0.23383248346178498,46.38481073458178,77.20349563046193,
포르투갈,2007,32.92857142857143,,2332.57910156,46.52,4505.5,639.7666666666667,5212.339999999999,0.44751092629414047,0.2742743713337733,50.14142522699913,96.85081685296646,
포르투갈,2008,32.142857142857146,,2491.86181641,49.17,4931.5,728.4966666666666,5823.06,0.4279299571720023,0.292350346985213,50.678499418547894,100.29489526133821,
포르투갈,2009,31.55142857142857,,2618.14746094,47.92727272727273,4632.7,732.4633333333333,5995.02,0.43672038807877206,0.2797639721447756,54.62750772067527,96.66103945371775,
포르투갈,2010,30.737142857142857,,2683.4309082,46.081818181818186,4292.5,717.14,5828.55,0.46039425040533233,0.2672474248576966,58.23188003590451,93.14953639771157,
포르투갈,2011,29.057142857142857,,2548.8046875,45.13636363636363,4096.0,721.9733333333334,5973.12,0.42671245303961747,0.2832595753115482,56.46898602719034,90.74723061430011,
포르투갈,2012,28.877142857142857,,2466.53320313,47.527272727272724,3358.4,646.8066666666667,5296.9,0.46565598805527764,0.2622331075234978,51.8972173573642,70.66258607498088,
포르투갈,2013,27.84,,2528.68505859,50.027272727272724,3200.1,667.08,5773.2,0.43800406336000836,0.26380509416699177,50.54613055513357,63.967108849718336,
포르투갈,2014,27.917142857142856,,2587.09082031,51.57272727272727,3185.2,675.7,5762.96,0.44891701839159037,0.2611813990817044,50.16393270475938,61.76132557729596,
포르투갈,2019,25.41111111111111,,,60.127272727272725,3123.1,727.6366666666668,5412.700000000001,,,,51.941487753250684,
프랑스,1998,34.22,,,26.5,16831.7,5030.846666666667,43439.59,,,,635.1584905660378,
프랑스,1999,33.614285714285714,,,30.139999999999997,17540.6,4346.18,42986.88,,,,581.970802919708,
프랑스,2000,32.434285714285714,183637.0,2516.77026367,31.68,16052.4,3884.7766666666666,37732.94,0.06669955385586175,1.5435563280224929,79.44350579766414,506.70454545454544,0.021154651114245315
프랑스,2001,31.75428571428571,186571.0,2685.7746582,33.980000000000004,17020.5,3940.3466666666664,38129.05,0.07043906570449565,1.46711737510677,79.03986633902295,500.89758681577393,0.021119823909753747
프랑스,2002,31.24857142857143,189189.0,2876.4597168,36.019999999999996,19220.7,4441.096666666667,42438.12,0.06778009291646284,1.5439453717110603,79.85729363686842,533.6118822876181,0.023474391569629667
프랑스,2003,30.974285714285713,191347.0,2854.96850586,36.519999999999996,24685.3,5497.37,53006.4,0.053860826350402964,1.9255448838459364,78.17547934994523,675.9392113910187,0.028729846822787918
프랑스,2004,28.891428571428573,193648.0,2970.66333008,37.82,28882.2,6369.783333333333,61143.72999999999,0.04858492162777771,2.1442292934493503,78.54741750608143,763.6753040719196,0.032893617973505186
프랑스,2005,28.66857142857143,195079.0,3135.5559082,39.980000000000004,30304.8,6643.889999999999,63247.68,0.04957582488717373,2.1188874300168345,78.42811176088043,757.9989994997497,0.034057433142470485
프랑스,2006,27.257142857142856,196018.0,3391.29711914,40.46,31191.6,7076.133333333332,65848.23999999999,0.05150171240932181,2.0865565843218628,83.81851505536332,770.9243697478992,0.03609940583687892
프랑스,2007,26.457142857142856,196200.0,3541.95410156,41.88,35595.4,8100.43,75198.76,0.04710123014741201,2.2869946271839856,84.57388017096466,849.937917860554,0.04128659531090724
프랑스,2008,26.017142857142858,197088.0,3710.45581055,42.160000000000004,39120.6,9078.103333333333,83174.40000000001,0.04461055096940885,2.446627529566964,88.00891391247627,927.9079696394685,0.0460611672620014
프랑스,2009,25.50857142857143,195460.0,3942.99267578,43.660000000000004,37963.2,9113.31,83396.2,0.047280243893366845,2.3112672909536185,90.31133018277599,869.5190105359595,0.046624936048296324
프랑스,2010,24.63142857142857,196767.0,4061.24902344,25.0,36508.9,9120.283333333333,82184.86,0.049416024112470355,2.2456843401363695,162.4499609376,1460.356,0.04635067533343159
프랑스,2011,23.888571428571428,199094.0,4217.53564453,25.1,38418.0,9844.693333333335,88131.12000000001,0.04785523711181703,2.334228839559795,168.02930854701196,1530.597609561753,0.04944746367712404
프랑스,2012,23.388571428571428,201094.0,4287.72998047,25.7,34946.3,9427.806666666667,83734.56,0.05120621617250989,2.1987874025670893,166.8377424307393,1359.7782101167318,0.046882585590155186
프랑스,2013,22.537142857142857,203249.0,4547.42578125,25.9,35593.6,10023.19,89111.87,0.051030528045814774,2.204145923904407,175.5762849903475,1374.2702702702702,0.04931483057727221
프랑스,2014,21.928571428571427,205041.0,4659.23779297,,,10343.966666666665,91270.4,0.05104872765946024,2.2200984638032337,,,0.050448284326874454
프랑스,2019,22.019444444444446,213201.0,,,,9646.576666666666,84180.5,,,,,0.04524639502941668
핀란드,1998,46.254285714285714,11958.0,,53.67272727272727,1029.7,390.0733333333333,3283.0,,,,19.18478997289973,0.0326202820984557
핀란드,1999,45.16285714285714,12401.0,,52.21818181818182,1092.0,310.84333333333336,3217.76,,,,20.91225626740947,0.025065989301938017
핀란드,2000,44.18571428571428,34181.0,1896.12402344,52.88181818181818,1030.4,306.31,2840.82,0.6674565876894699,0.16154533997427237,35.855878043390064,19.484957882069796,0.00896141131037711
핀란드,2001,42.32285714285714,12968.0,2011.46582031,55.08181818181818,1126.2,321.4733333333333,2898.56,0.6939534873557904,0.15982043049768996,36.51778185081697,20.44594817626671,0.02478973884433477
핀란드,2002,41.42285714285714,13141.0,2176.56787109,55.86363636363637,1305.7,365.4866666666667,3241.0399999999995,0.6715646431670083,0.16791880075103524,38.96215879900733,23.37298616761595,0.027812698171118384
핀란드,2003,40.14,13365.0,2297.39990234,57.85454545454545,1666.7,466.82,4076.940000000001,0.5635108444912115,0.20319492462958835,39.70992917306726,28.80845380263985,0.034928544706322485
핀란드,2004,38.791428571428575,38484.5,2505.60009766,58.59090909090909,1974.6,545.6866666666666,4730.4,0.5296803859419922,0.21778681569189265,42.764315088068265,33.701474010861126,0.014179388238554915
핀란드,2005,37.55714285714286,39881.5,2649.95751953,61.73636363636364,2088.6,581.11,4894.72,0.5413910335075346,0.21929030775673208,42.92377074779855,33.830952731556465,0.014570916339656232
핀란드,2006,36.65714285714286,41692.5,2844.7980957,59.48181818181818,2115.6,625.7133333333333,5140.53,0.5534056013095926,0.21994999725257067,47.826347321870706,35.56717102246676,0.015007815154604143
핀란드,2007,36.26571428571428,42544.5,3050.3190918,59.36363636363637,2429.2,724.8166666666666,5839.080000000001,0.5223972084300951,0.23761994888179083,51.38362941776416,40.92067381316998,0.017036671406801505
핀란드,2008,34.84571428571428,42136.5,3340.42211914,61.290909090909096,2787.8,831.7633333333333,6631.18,0.5037447511815394,0.24899946882984741,54.50110250747552,45.484722634233165,0.019739734750948305
핀란드,2009,34.214285714285715,43731.0,3479.86230469,61.40909090909091,2611.5,819.5866666666667,6792.25,0.5123283602178954,0.23552272903501528,56.66689171219838,42.52627683197632,0.018741548710678162
핀란드,2010,33.48285714285714,45182.0,3562.18017578,62.96363636363637,2506.7,812.6933333333333,6828.079999999999,0.5216957293675528,0.22814492620530635,56.57519770947155,39.811868322263926,0.017987104008971123
핀란드,2011,31.99142857142857,45980.5,3772.53613281,63.82727272727272,2700.4,910.8633333333333,7430.4,0.5077164261426034,0.24144588713451776,59.1053944750178,42.30793334282866,0.019809774433364867
핀란드,2012,31.10571428571429,46757.0,3917.43334961,63.36363636363637,2545.6,896.0299999999999,7309.89,0.5359086593108787,0.2287288436162428,61.82462962081779,40.174461979913914,0.019163547704087087
핀란드,2013,29.94857142857143,47122.5,4068.5390625,62.86363636363637,2700.6,961.9200000000001,7976.22,0.5100836063323229,0.23642884711765014,64.72007185466377,42.95965292841648,0.020413178417953207
핀란드,2014,28.82857142857143,47689.0,4084.43017578,63.25454545454545,2814.8,973.9733333333334,8262.45,0.49433644691102513,0.23846002781705886,64.57133074673757,44.49956884162116,0.020423437969622624
핀란드,2015,27.877142857142854,,4098.91699219,62.46363636363637,2472.3,822.7800000000001,7149.2,0.5733392536493594,0.20073107154102163,65.62085127942075,39.57982826371707,
핀란드,2019,24.78611111111111,,,,,896.5500000000001,7827.900000000001,,,,,
한국,1998,45.26285714285714,93555.5,,,,3208.623333333333,1804.8,,,,,0.03429646929719079
한국,1999,44.18,98552.5,,,,4427.653333333333,2784.32,,,,,0.04492684947954981
한국,2000,44.60285714285714,100591.5,717.38903809,,,5056.39,2536.1600000000003,0.2828642664855529,7.048323477958763,,,0.05026657321940721
한국,2001,43.317142857142855,108533.0,865.80914307,,,5305.633333333333,2628.96,0.3293352287862881,6.127947915311373,,,0.04888497814796729
한국,2002,43.95142857142857,117063.0,884.57165527,,,5635.946666666667,2947.84,0.3000745139729429,6.371385102709845,,,0.04814456033645701
한국,2003,41.95142857142857,122300.0,969.06884766,,,6619.44,3442.74,0.28148185679429755,6.83072210605458,,,0.05412461161079313
한국,2004,39.47142857142857,128924.0,1035.08190918,,,7446.22,4364.8,0.2371430327116935,7.1938461429578595,,,0.05775666284012287
한국,2005,37.50285714285714,131768.5,1150.74938965,,,9361.223333333333,5514.7300000000005,0.20866831008045722,8.134893155303386,,,0.07104295285544977
한국,2006,35.59714285714286,137209.5,1316.81884766,,,11319.11,7051.080000000001,0.1867542061159425,8.595798898317843,,,0.08249508962571835
한국,2007,34.854285714285716,142978.0,1475.73522949,,,13193.396666666667,7974.36,0.1850600210537272,8.940219358472712,,,0.09227571141480974
한국,2008,32.96857142857143,151335.0,1612.57958984,39.690909090909095,15821.1,12663.863333333335,7641.639999999999,0.21102532831172366,7.853171039198036,40.62843675730645,398.60765002290424,0.08368099470270152
한국,2009,31.73142857142857,157173.5,1712.75048828,42.91818181818182,14736.8,12315.773333333333,7648.829999999999,0.22392319979395542,7.1906406786088475,39.907340332726115,343.3696250794323,0.07835782325476835
한국,2010,31.257142857142856,163453.5,1878.5135498,41.88181818181818,17573.3,15309.893333333333,9036.81,0.20787352503814954,8.150004206764084,44.85272204862166,419.5925765140004,0.09366513004208128
한국,2011,30.03142857142857,168243.0,1961.46411133,39.22727272727273,19900.7,17235.676666666666,9776.52,0.2006300924388228,8.787148623881658,50.00256135487833,507.31796060254925,0.10244513392335293
한국,2012,29.360000000000003,173181.5,2063.65405273,40.054545454545455,19289.9,18232.49,10607.4,0.19454852770047326,8.83505158041403,51.52109527923286,481.5907852927826,0.10527966324347579
한국,2013,27.61714285714286,185455.0,2143.08325195,48.46363636363637,20600.1,20309.586666666666,12061.28,0.17768290363460593,9.476807141387015,44.22043851331832,425.0630275745638,0.10951220871190676
한국,2014,26.445714285714285,197270.0,2293.31298828,57.0,22481.2,22959.040000000005,13652.8,0.167973821361186,10.011298116450925,40.23356119789474,394.40701754385964,0.1163838394079181
한국,2015,25.614285714285714,208727.5,2531.3984375,52.554545454545455,21758.1,23459.00333333333,14066.88,0.1799545057255056,9.267210955736134,48.16706938678429,414.0098598858329,0.11239057303581622
한국,2016,36.53333333333333,233564.5,2748.36791992,37.18181818181818,21876.6,24978.906666666666,14850.0,0.18507528080269361,9.088632742953045,73.9169856213203,588.3682151589242,0.10694650371382067
한국,2017,36.583333333333336,238755.0,2929.06567383,37.77272727272727,23834.8,27925.539999999997,16395.329999999998,0.17865243784846052,9.533941232353799,77.54445827227437,631.0055354993983,0.11696316307511884
한국,2018,37.577777777777776,248415.5,3213.66333008,39.08181818181818,26262.7,31638.316666666666,18632.160000000003,0.17247937598646637,9.844938133540913,82.22911521488719,671.9927890207026,0.127360477372252
한국,2019,36.86388888888889,268976.0,,43.54545454545455,26628.3,32901.846666666665,20142.2,,,,611.5058455114822,0.12232261118711954
헝가리,1998,80.72571428571429,43894.0,,19.766666666666666,831.5,624.2966666666666,,,,,42.06576728499157,0.01422282468370772
헝가리,1999,83.37142857142857,43386.0,,41.81,875.3,654.25,1026.19,,,,20.9351829705812,0.015079749227861523
헝가리,2000,78.75428571428571,40635.0,802.87536621,42.64,812.4,621.2266666666667,948.72,0.8462722048760435,0.7737523067860307,18.829159620309568,19.05253283302064,0.015287970140683319
헝가리,2001,72.52571428571429,42842.5,900.85308838,40.95454545454545,958.8,709.2766666666666,1063.26,0.8472556932264922,0.7873388855691837,21.99641281283019,23.411320754716982,0.0165554453327109
헝가리,2002,72.30857142857144,45086.5,1032.77502441,42.41818181818182,1270.7,949.4599999999999,1406.08,0.7345065888214042,0.9193289705494224,24.34746092693956,29.956493784826403,0.021058631741208565
헝가리,2003,73.30285714285714,45673.0,1254.00598145,44.85454545454546,1625.8,1408.3266666666666,1859.54,0.6743635423007841,1.1230621603879642,27.957166185549248,36.246047831374135,0.03083499368700691
헝가리,2004,71.02285714285715,46063.0,1259.80566406,45.6,1892.7,1612.2633333333335,2194.4,0.5741002843875319,1.2797714594626137,27.627317194298247,41.50657894736842,0.03500126638154991
헝가리,2005,71.02285714285715,44023.5,1364.59936523,45.77272727272727,2282.2,1756.0666666666668,2474.7,0.5514201176829515,1.2868734307015348,29.812498545243297,49.85938430983118,0.039889301547279675
헝가리,2006,67.32571428571428,46494.5,1427.43591309,47.77272727272727,2435.0,1722.4700000000003,2554.76,0.5587358159240007,1.2066881491522332,29.879724156022835,50.970504281636536,0.0370467474647539
헝가리,2007,66.35142857142857,44009.0,1372.69396973,34.25454545454546,2266.4,1947.17,3136.0,0.43772129136798466,1.4185026254489892,40.07333775751061,66.16348195329087,0.04424481356086255
헝가리,2008,63.81428571428572,46403.5,1467.76757813,33.50909090909091,2505.3,2135.92,3588.87,0.40897763868014164,1.455216773980834,43.802070969696146,74.76478567552904,0.046029286583986126
헝가리,2009,63.074285714285715,46274.0,1496.83361816,36.336363636363636,2359.1,1770.1633333333332,3047.6400000000003,0.4911451543358139,1.1826052754676415,41.19381986429823,64.92394295721792,0.03825395110285113
헝가리,2010,61.51714285714286,45387.0,1618.28845215,39.481818181818184,2395.5,1872.0533333333335,3033.7000000000003,0.5334372061014602,1.1568106605754929,40.98819473555146,60.673497582316365,0.041246465581186983
헝가리,2011,59.651428571428575,45707.5,1720.48937988,41.58181818181818,2563.0,1962.7866666666666,3162.1400000000003,0.5440901983719885,1.140830446046442,41.3760017024049,61.63751639702668,0.04294233258582654
헝가리,2012,58.84571428571428,46691.5,1722.2578125,41.96363636363637,1974.9,1827.2633333333333,2904.1000000000004,0.5930435634103508,1.0609696876223829,41.04167230827556,47.06217504332756,0.03913481754352148
헝가리,2013,56.52285714285714,47668.5,1773.08557129,42.78181818181818,1923.0,1946.3566666666666,3005.88,0.5898723739104688,1.097722917710398,41.44483910792605,44.949001274968126,0.040831086916237484
헝가리,2014,55.53142857142857,48040.0,1808.3972168,44.31818181818182,1904.3,1968.8433333333332,3027.2000000000003,0.5973828015327695,1.0887228287252324,40.80486027651282,42.96882051282051,0.04098341659728004
헝가리,2015,56.28285714285715,47079.5,1834.95361328,44.97272727272727,1669.7,1701.9033333333334,2552.0399999999995,0.7190144407140955,0.9274912025111972,40.80147512852234,37.126945623610276,0.036149562619257496
헝가리,2016,53.82857142857143,47336.5,1949.05249023,46.43636363636364,1772.0,1776.8799999999999,2608.55,0.7471785053880509,0.9116634923415106,41.97254775358262,38.15974941268598,0.03753720701784035
헝가리,2019,51.13333333333333,49429.5,,50.29090909090908,2183.7,2106.6033333333335,2959.3500000000004,,,,43.42136659436009,0.04261834194829674
그리스,2016,,35019.0,2238.9284668,,,452.8966666666666,4933.12,0.453856477604437,0.20228277650780485,,,0.012932884053418619
그리스,2017,,35592.0,2273.58789063,,,458.0833333333333,4930.12,0.46116278926882104,0.20148037171608998,,,0.012870401588371919
그리스,2018,,36118.0,2340.16577148,,,496.46666666666664,5111.610000000001,0.45781383389577834,0.21215021291106415,,,0.013745685438470198
네덜란드,2017,,124537.5,5498.88183594,59.40909090909091,5152.7,3075.81,13807.88,0.3982422961338019,0.5593518994892548,92.55960244122419,86.73251721499618,0.024697862089732008
네덜란드,2018,,127770.5,5634.52929688,59.36363636363637,5456.7,3355.3799999999997,14800.32,0.38070320755767445,0.5955031597507123,94.91550117255743,91.9199081163859,0.02626099138690073
노르웨이,2016,,57736.5,6270.37646484,56.290909090909096,2948.7,10545.316666666666,9588.8,0.6539271300725847,1.6817677097695198,111.39234675910852,52.38323643410852,0.18264558237279133
노르웨이,2017,,59094.5,6515.91210938,57.472727272727276,3221.8,10967.793333333333,10039.679999999998,0.6490159157841685,1.6832322396652057,113.37398481996203,56.057893071812714,0.18559753163717999
노르웨이,2018,,59950.0,6818.34619141,56.33636363636364,3380.8,11749.653333333334,10662.8,0.6394517567064937,1.7232409448695893,121.02922076086814,60.01097305147652,0.19599088128996386
노르웨이,2020,,62130.5,,61.529999999999994,3156.2,,,,,,51.295303104176824,
뉴질랜드,2014,,29318.0,3467.03344727,33.18333333333333,796.0,,3965.61,0.874274940619476,,104.48116867714718,23.98794575590156,
뉴질랜드,2015,,30552.0,3481.53271484,,,,3455.1399999999994,1.007638681743721,,,,
뉴질랜드,2016,,31471.5,3735.72875977,,,,3589.1,1.0408539076007914,,,,
뉴질랜드,2017,,32199.0,3815.65722656,,,,3850.2,0.9910283171159939,,,,
뉴질랜드,2018,,33140.0,4024.38623047,,,,4116.679999999999,0.9775805334565719,,,,
뉴질랜드,2020,,35690.5,,,,,,,,,,
덴마크,2016,,39946.5,5291.38134766,55.57272727272727,3211.2,8805.4,9173.830000000002,0.5767908657191161,1.6641023244136428,95.21543403281531,57.7837395714052,0.22042982489079144
덴마크,2017,,40754.5,5589.41113281,55.345454545454544,3393.6,9261.210000000001,9697.32,0.5763872010833921,1.65692051988025,100.99133124328186,61.31668856767411,0.22724386264093538
덴마크,2018,,41405.0,5794.25927734,68.7,3678.6999999999994,9938.343333333332,10243.03,0.5656782492426558,1.7152051466181157,84.34147419708879,53.547307132459956,0.24002761341222878
독일,2016,,700377.5,5573.71630859,57.67,39979.8,12291.626666666669,87727.75,0.06353424439347868,2.205283869170607,96.64845341754811,693.2512571527658,0.017550002201193883
독일,2017,,718097.5,5930.57617188,56.279999999999994,42011.2,13249.243333333334,93306.9,0.06355988862431397,2.234056683422263,105.37626460341153,746.4676616915423,0.018450479681844503
독일,2018,,751200.5,6098.20263672,56.57000000000001,52233.7,14414.663333333332,100233.54,0.06083994076952685,2.363756042893067,107.7992334580166,923.3462966236519,0.01918883618066459
독일,2020,,371562.0,,,,,,,,,,
라트비아,2016,,7690.5,1630.90881348,37.290000000000006,408.7,43.68666666666667,452.4100000000001,3.604935376052695,0.026786700951998015,43.73582229766693,10.96004290694556,0.005680601608044557
라트비아,2017,,7548.5,1704.41345215,41.489999999999995,443.7,46.61666666666667,483.36,3.5261781118627935,0.02735056251044191,41.08010248614124,10.694143167028201,0.006175619880329425
라트비아,2018,,7379.5,1895.77575684,45.38,485.8,56.12,543.52,3.487959517294672,0.029602657275006192,41.77557859938299,10.705156456588805,0.007604851277186801
룩셈부르크,2016,,4259.5,5675.38769531,81.87,215.7,107.67666666666668,1274.7,4.452332074456734,0.018972565831167448,69.32194571039452,2.6346647123488456,0.025279179872441996
룩셈부르크,2017,,4386.0,5870.35498047,80.46000000000001,219.2,114.95,1376.0,4.266246352085756,0.019581439347778035,72.95991772893362,2.7243350733283616,0.02620839033287734
벨기에,2016,,79515.0,5006.81152344,60.233333333333334,6910.0,1796.3333333333333,13700.16,0.3654564270373485,0.3587779018490269,83.12360027847261,114.72053126729385,0.02259112536418705
벨기에,2017,,81375.0,5289.40039063,56.644444444444446,7391.700000000001,1915.76,14393.05,0.36749683983797743,0.36218850125123936,93.37897904211457,130.49293840721853,0.02354236559139785
벨기에,2018,,81129.0,5404.91601563,58.05555555555556,7890.0,2069.9900000000002,15649.92,0.3453638111651689,0.38298282415748525,93.09903184817226,135.9043062200957,0.025514797421390626
스웨덴,2017,,76247.0,5635.54199219,65.30909090909091,5102.4,15799.143333333333,14066.0,0.40064993546068534,2.8034824964889857,86.29031446838809,78.12694877505567,0.20721003230728205
스웨덴,2018,,77185.5,5828.40966797,65.26363636363637,5473.8,16354.466666666665,14331.9,0.40667390003907367,2.805991273493105,89.30562243720573,83.87212703719182,0.2118852202378253
스페인,2016,,217032.0,3275.6015625,70.34,13098.0,3394.7999999999997,29816.82,0.10985750869811066,1.0363897852732202,46.56812002416832,186.20983793005402,0.015641932986840648
스페인,2017,,223949.5,3482.46337891,71.67999999999999,13629.5,3644.4466666666667,31292.27,0.1112882951256013,1.0465139960229437,48.5834734780971,190.14369419642858,0.016273519997439898
스페인,2018,,231399.5,3576.49194336,74.6,22431.1,3969.78,34400.3,0.10396688236323519,1.1099647539735595,47.94225125147453,300.6849865951743,0.017155525400875976
슬로베니아,2016,,13078.5,2815.5222168,45.56363636363636,516.6,120.80333333333333,996.81,2.824532475396515,0.04290619076365632,61.79318512529928,11.337988826815643,0.009236788112806005
슬로베니아,2017,,13456.5,2960.59326172,47.08181818181818,547.0,126.05999999999999,1042.75,2.839216745835531,0.042579303827356405,62.88188043815409,11.61807298706314,0.009367963437743841
슬로베니아,2018,,13811.0,3158.38500977,48.68181818181818,610.2,143.25,1136.1,2.780023774113195,0.04535545842475733,64.87812344999067,12.534453781512607,0.010372167113170662
아이슬란드,2017,,3154.0,4739.734375,61.58,248.2,560.2,395.2,11.993254997469636,0.11819227738896233,76.9687297012017,4.030529392659955,0.17761572606214332
아이슬란드,2018,,3273.5,5113.22167969,62.160000000000004,278.7,605.2466666666667,429.68,11.900069073938745,0.1183689471298966,82.25903603104891,4.4835907335907335,0.18489282623084363
아이슬란드,2020,,5727.0,,65.77000000000001,294.2,,,,,,4.473164056560741,
아일랜드,2015,,14666.0,5079.22607422,23.0,2202.5,752.6,4343.35,1.1694259210563274,0.1481721799744018,220.83591627043478,95.76086956521739,0.051315968907677624
아일랜드,2016,,15178.0,5365.20166016,22.0,2298.0,789.6999999999999,4523.96,1.1859524974049285,0.14718924842359973,243.87280273454544,104.45454545454545,0.05202925286599024
아일랜드,2017,,15660.0,5616.83154297,20.9,2399.9,851.4666666666667,4806.7,1.1685421480371148,0.15159198921184638,268.74792071626797,114.82775119617226,0.054372073222647935
아일랜드,2018,,15962.0,5896.69189453,22.4,2674.6,946.8366666666667,5249.599999999999,1.1232649905764251,0.16057082235295167,263.24517386294644,119.40178571428572,0.05931817232594078
아일랜드,2020,,17231.0,,,,,,,,,,
에스토니아,2016,,6288.5,2009.14257813,35.300000000000004,320.9,46.06333333333333,425.25,4.72461511611993,0.022926861356054963,56.91622034362605,9.090651558073652,0.007325011263947417
에스토니아,2017,,6363.0,2230.44165039,36.054545454545455,340.0,53.88999999999999,462.68,4.820700376912769,0.02416113418191287,61.86298072186082,9.430156328794755,0.008469275498978468
에스토니아,2018,,6461.0,2427.62768555,37.6,384.3,61.92000000000001,535.5,4.533385033706816,0.02550638237014977,64.56456610505319,10.220744680851064,0.009583655780838881
영국,2016,,349754.0,4310.54882813,59.72727272727273,25051.7,70777.93000000001,56018.56,0.07694858325758464,16.41970264624165,72.17052832485541,419.4348554033486,0.20236489075178557
영국,2017,,351311.0,4473.07666016,60.790909090909096,25129.5,69554.27333333333,54581.25,0.0819526240267491,15.54953751471038,73.58134180014953,413.37595334230593,0.19798490036842947
영국,2018,,361955.5,4619.57324219,18.8,27279.0,74761.33,58003.19,0.07964343413164,16.18360096928735,245.72198096755318,1451.0106382978722,0.20654840166816088
영국,2020,,385666.0,,,,,,,,,,
오스트레일리아,2005,,126541.0,2841.89135742,40.230000000000004,5424.3,14609.159999999998,11579.78,0.2454184239614224,5.140646901176006,70.64109762416106,134.83221476510067,0.11545001224899439
오스트레일리아,2016,,183169.5,4612.80908203,46.220000000000006,11376.6,29321.97666666667,21033.12,0.21931168947022603,6.356642155621729,99.80114846451752,246.14019904803112,0.16008110884545007
오스트레일리아,2017,,188911.0,4725.44970703,46.29,11323.2,32071.756666666668,22197.64,0.21288072547487033,6.787027405868665,102.08359704104559,244.61438755670773,0.1697717796563814
오스트레일리아,2018,,195705.5,5004.86669922,46.42,11136.3,32968.409999999996,,,6.587270347307765,107.8170335894011,239.90305902628174,0.168459292150706
오스트리아,2017,,52929.5,5674.06201172,31.869999999999997,3532.8,1473.0833333333333,11362.26,0.49937794168765715,0.2596170662729137,178.03771608785692,110.85032946344526,0.027831045699153276
오스트리아,2018,,53515.5,5879.10302734,32.4,3795.2,1595.0933333333332,12236.81,0.4804440885606625,0.27131576465245805,181.45379714012347,117.1358024691358,0.02980619322127857
오스트리아,2020,,47674.0,,,,,,,,,,
이탈리아,2016,,288578.5,3416.69677734,49.9,25215.9,5103.516666666667,52334.81999999999,0.06528534496421314,1.493699031331632,68.47087730140281,505.3286573146293,0.017685020424829525
이탈리아,2017,,296260.0,3572.10083008,40.28181818181818,25552.0,5304.696666666667,54013.2,0.0661338493197959,1.4850355348305955,88.67774572529903,634.3308508237418,0.017905544679223204
이탈리아,2018,,293624.0,3624.08227539,40.372727272727275,26408.0,5627.583333333333,58132.58,0.062341672696962704,1.5528299044280747,89.76560465951363,654.1049313217743,0.01916595146627433
이탈리아,2020,,300374.5,,42.480000000000004,26204.8,,,,,,616.8738229755178,
일본,2016,,873913.0,4304.609375,,,137869.03666666668,109771.75,0.039214181927499564,32.02823407563356,,,0.15776059706934978
일본,2018,,901425.0,4503.68212891,,,141036.01666666666,,,31.315712927724054,,,0.15645895850089211
체코,2017,,90061.0,2753.38378906,62.07000000000001,3930.5,3629.9966666666664,4044.1,0.6808396896862096,1.3183765667139127,44.35933283486386,63.323666827775085,0.04030597780023169
체코,2018,,66753.0,3040.51904297,63.739999999999995,4488.5,4452.493333333333,4681.2,0.6495170133662309,1.4643859388507912,47.701899011139005,70.41888923752747,0.06670102217628171
캐나다,2014,,218254.5,4659.98144531,39.4,23097.6,45297.29666666666,30516.33,0.152704517394785,9.72048863247208,118.27364074390863,586.2335025380711,0.20754347180317775
캐나다,2015,,222503.0,4729.48681641,39.809999999999995,21212.6,40799.74,27861.35,0.16975081309448395,8.626673798610936,118.80147742803317,532.8460185882944,0.18336714561151984
캐나다,2016,,227058.0,4908.84179688,58.52,21374.5,40633.083333333336,27962.4,0.17555151907132435,8.277529611803589,83.88314758851675,365.2511961722488,0.17895464301338573
캐나다,2017,,231331.0,5023.35107422,58.629999999999995,22941.2,43098.71666666667,29687.4,0.169208185096034,8.579674410544522,85.67885168377964,391.28773665359034,0.18630757082564234
캐나다,2018,,234687.0,5199.97314453,59.55,23617.3,45034.87,30994.2,0.1677724588642391,8.66059665084491,87.32112753198993,396.5961376994123,0.19189333026541736
캐나다,2020,,104409.0,,,,,,,,,,
프랑스,2015,,206710.0,4691.53369141,,,8771.866666666667,77534.76,0.060508779435313916,1.8697226202867485,,,0.042435618338090404
프랑스,2016,,208266.0,4942.75683594,,,8964.043333333333,78587.34000000001,0.06289507745064281,1.8135715817847988,,,0.04304131895428603
프랑스,2017,,210038.0,5110.13427734,,,9313.99,81544.04999999999,0.06266716305285304,1.8226507356766073,,,0.044344309125015476
프랑스,2018,,210567.0,5250.4453125,,,9916.666666666666,86660.15000000001,0.06058661694562033,1.888728684223709,,,0.047095065545250045
헝가리,2017,,48141.0,2003.74768066,47.06363636363637,1796.5,1956.3166666666666,2817.1,0.7112802813744631,0.9763288489608081,42.575283923623715,38.17172107398107,0.04063722537268995
헝가리,2018,,48886.5,2115.19238281,48.45454545454545,2240.1,2131.0899999999997,3015.5200000000004,0.7014353686296226,1.0075159202156734,43.65312609926829,46.23095684803002,0.043592607366041744
룩셈부르크,2018,,,6047.82226563,77.16,234.6,128.95666666666665,1524.35,3.967476147623578,0.021322826796602835,78.38027819634526,3.0404354587869364,
슬로바키아,2011,,,1918.63598633,49.86363636363637,1570.9,162.57000000000002,1694.61,1.132199140999994,0.08473207067848589,38.47765879604375,31.503919781221512,
슬로바키아,2015,,,2033.76660156,60.16363636363636,1536.2,146.55666666666667,1522.2,1.3360705567993694,0.07206169407750646,33.80391752366274,25.533695980658813,
슬로바키아,2016,,,2110.42138672,49.790909090909096,1741.5,149.13333333333335,1578.7200000000005,1.3367927097395356,0.07066519239795763,42.385676928829646,34.97626437830929,
슬로바키아,2017,,,2093.5703125,49.77272727272727,1765.7,154.59666666666666,1666.0,1.2566448454381753,0.07384355125004509,42.06259988584475,35.47525114155251,
슬로바키아,2018,,,2179.54223633,49.88181818181818,1924.1,173.79,1814.6,1.2011144253995372,0.0797369269120632,43.69412174162566,38.57317295425551,
일본,2017,,,4386.46142578,,,136168.5433333333,108531.87,0.04041634430310655,31.042913664542215,,,
포르투갈,2004,,,1998.33276367,40.89,3705.6,519.0866666666667,4101.3,0.48724374312291224,0.2597598738827401,48.870940662020054,90.62362435803375,
포르투갈,2005,,,2146.88867188,41.739999999999995,3862.4,550.1666666666666,4397.56,0.48819997268485243,0.2562623175913884,51.43480287206517,92.5347388596071,
포르투갈,2006,,,2254.38330078,43.019999999999996,3969.9,561.2333333333332,4589.2,0.4912366645123333,0.24895204517313035,52.40314506694561,92.28033472803348,
포르투갈,2015,,,2658.96582031,53.2,2764.1,581.28,4783.200000000001,0.5558968515449907,0.2186113095399739,49.98056053214285,51.95676691729323,
포르투갈,2016,,,2972.2668457,54.83636363636364,2800.9,614.0666666666667,4827.42,0.6157050444543877,0.20659876738693278,54.20247895009946,51.07742042440318,
포르투갈,2017,,,3084.17285156,54.6,2886.6,654.1433333333333,5012.16,0.6153380681303071,0.21209684567532014,56.48668226300366,52.86813186813187,
포르투갈,2018,,,3242.35180664,56.04545454545455,3103.4,727.6899999999999,5449.5,0.5949815224589412,0.2244327708392921,57.852181464785076,55.372911597729114,
핀란드,2016,,,4211.66210938,62.27272727272727,2564.3,820.2566666666667,7314.24,0.5758167778716586,0.19475842205855798,67.63253022362045,41.1785401459854,
핀란드,2017,,,4339.90576172,62.0,2646.6,849.1433333333333,7548.0,0.5749742662586115,0.19565939445579095,69.99848002774193,42.68709677419355,
핀란드,2018,,,4457.17089844,62.98181818181818,2998.0,905.6966666666667,8080.94,0.5515658943687245,0.2031998968187777,70.76916842211317,47.60103926096998,
라트비아,2020,,,,58.5,503.29999999999995,,,,,,8.603418803418803,
룩셈부르크,2020,,,,86.77777777777777,237.60000000000002,,,,,,2.738028169014085,
스웨덴,2020,,,,73.83000000000001,5660.2,,,,,,76.66531220371121,
스페인,2020,,,,83.82222222222222,23404.2,,,,,,279.21235418875926,
에스토니아,2020,,,,43.37,409.6,,,,,,9.444316347705788,
칠레,2011,,,,28.0,2438.2,,,,,,87.07857142857142,
칠레,2012,,,,33.654545454545456,2565.9,,,,,,76.242301458671,
칠레,2013,,,,36.14545454545455,2921.6,,,,,,80.82897384305834,
칠레,2014,,,,40.93636363636364,2711.4,,,,,,66.23451032644904,
칠레,2015,,,,43.72727272727273,2788.0,,,,,,63.75883575883576,
칠레,2016,,,,33.47272727272727,2989.7,,,,,,89.31749049429658,
칠레,2017,,,,33.1,3187.0,,,,,,96.28398791540785,
칠레,2018,,,,33.61818181818182,3581.8,,,,,,106.54353704705247,
칠레,2019,,,,40.58181818181818,3588.7,,,,,,88.43122759856631,
칠레,2020,,,,55.5,3392.7,,,,,,61.129729729729725,
터키,2008,,,,25.181818181818183,10367.3,,,,,,411.69783393501797,
터키,2009,,,,26.5,10052.7,,,,,,379.3471698113208,
터키,2010,,,,30.136363636363637,10372.8,,,,,,344.19547511312214,
터키,2011,,,,33.88181818181818,8458.2,,,,,,249.63831499865844,
터키,2012,,,,35.74545454545454,7527.7,,,,,,210.5918107833164,
터키,2013,,,,37.07272727272727,7530.1,,,,,,203.11696910250126,
터키,2014,,,,40.00909090909091,7173.1,,,,,,179.2867530106794,
터키,2015,,,,46.63636363636363,6729.2,,,,,,144.29083820662768,
터키,2016,,,,51.14545454545455,7249.1,,,,,,141.73498044792038,
터키,2017,,,,52.86363636363637,6975.5,,,,,,131.95270851246775,
터키,2018,,,,57.98181818181818,6635.4,,,,,,114.43932267168391,
터키,2019,,,,58.91818181818182,7414.8,,,,,,125.84909736151828,
포르투갈,2020,,,,67.94,3208.7,,,,,,47.228436856049456,
헝가리,2020,,,,63.71,2176.5,,,,,,34.162611834876785,
