국가,연도,직업,수,국가영문,위도,경도
한국,1998,의사,58684.0,korea,37.00000000,127.50000000
한국,1998,치과의사,12875.0,korea,37.00000000,127.50000000
한국,1998,간호사,128427.0,korea,37.00000000,127.50000000
한국,1999,의사,61182.0,korea,37.00000000,127.50000000
한국,1999,치과의사,14058.0,korea,37.00000000,127.50000000
한국,1999,간호사,135923.0,korea,37.00000000,127.50000000
한국,2000,의사,60895.0,korea,37.00000000,127.50000000
한국,2000,치과의사,14410.0,korea,37.00000000,127.50000000
한국,2000,간호사,140288.0,korea,37.00000000,127.50000000
한국,2001,의사,65715.0,korea,37.00000000,127.50000000
한국,2001,치과의사,14729.0,korea,37.00000000,127.50000000
한국,2001,간호사,151351.0,korea,37.00000000,127.50000000
한국,2002,의사,70923.0,korea,37.00000000,127.50000000
한국,2002,치과의사,15626.0,korea,37.00000000,127.50000000
한국,2002,간호사,163203.0,korea,37.00000000,127.50000000
한국,2003,의사,75045.0,korea,37.00000000,127.50000000
한국,2003,치과의사,16033.0,korea,37.00000000,127.50000000
한국,2003,간호사,169555.0,korea,37.00000000,127.50000000
한국,2004,의사,75236.0,korea,37.00000000,127.50000000
한국,2004,약사,29876.0,korea,37.00000000,127.50000000
한국,2004,치과의사,17085.0,korea,37.00000000,127.50000000
한국,2004,간호사,182612.0,korea,37.00000000,127.50000000
한국,2005,의사,78342.0,korea,37.00000000,127.50000000
한국,2005,약사,30600.0,korea,37.00000000,127.50000000
한국,2005,치과의사,17771.0,korea,37.00000000,127.50000000
한국,2005,간호사,185195.0,korea,37.00000000,127.50000000
한국,2006,의사,81666.0,korea,37.00000000,127.50000000
한국,2006,약사,31237.0,korea,37.00000000,127.50000000
한국,2006,치과의사,18515.0,korea,37.00000000,127.50000000
한국,2006,간호사,192753.0,korea,37.00000000,127.50000000
한국,2007,의사,84464.0,korea,37.00000000,127.50000000
한국,2007,약사,31265.0,korea,37.00000000,127.50000000
한국,2007,치과의사,19092.0,korea,37.00000000,127.50000000
한국,2007,간호사,201492.0,korea,37.00000000,127.50000000
한국,2008,의사,90532.0,korea,37.00000000,127.50000000
한국,2008,약사,31635.0,korea,37.00000000,127.50000000
한국,2008,치과의사,19751.0,korea,37.00000000,127.50000000
한국,2008,간호사,212138.0,korea,37.00000000,127.50000000
한국,2009,의사,94672.0,korea,37.00000000,127.50000000
한국,2009,약사,31994.0,korea,37.00000000,127.50000000
한국,2009,치과의사,20415.0,korea,37.00000000,127.50000000
한국,2009,간호사,219675.0,korea,37.00000000,127.50000000
한국,2010,의사,98293.0,korea,37.00000000,127.50000000
한국,2010,약사,32152.0,korea,37.00000000,127.50000000
한국,2010,치과의사,20936.0,korea,37.00000000,127.50000000
한국,2010,간호사,228614.0,korea,37.00000000,127.50000000
한국,2011,의사,101370.0,korea,37.00000000,127.50000000
한국,2011,약사,33643.0,korea,37.00000000,127.50000000
한국,2011,치과의사,21410.0,korea,37.00000000,127.50000000
한국,2011,간호사,235116.0,korea,37.00000000,127.50000000
한국,2012,의사,104114.0,korea,37.00000000,127.50000000
한국,2012,약사,32560.0,korea,37.00000000,127.50000000
한국,2012,치과의사,21888.0,korea,37.00000000,127.50000000
한국,2012,간호사,242249.0,korea,37.00000000,127.50000000
한국,2013,의사,108909.0,korea,37.00000000,127.50000000
한국,2013,약사,32537.0,korea,37.00000000,127.50000000
한국,2013,치과의사,22482.0,korea,37.00000000,127.50000000
한국,2013,간호사,262001.0,korea,37.00000000,127.50000000
한국,2014,의사,111694.0,korea,37.00000000,127.50000000
한국,2014,약사,32645.0,korea,37.00000000,127.50000000
한국,2014,치과의사,22952.0,korea,37.00000000,127.50000000
한국,2014,간호사,282846.0,korea,37.00000000,127.50000000
한국,2015,의사,114322.0,korea,37.00000000,127.50000000
한국,2015,약사,33206.0,korea,37.00000000,127.50000000
한국,2015,치과의사,23540.0,korea,37.00000000,127.50000000
한국,2015,간호사,303133.0,korea,37.00000000,127.50000000
한국,2016,의사,117450.0,korea,37.00000000,127.50000000
한국,2016,약사,33946.0,korea,37.00000000,127.50000000
한국,2016,치과의사,24150.0,korea,37.00000000,127.50000000
한국,2016,간호사,349679.0,korea,37.00000000,127.50000000
한국,2017,의사,120630.0,korea,37.00000000,127.50000000
한국,2017,약사,36980.0,korea,37.00000000,127.50000000
한국,2017,치과의사,25300.0,korea,37.00000000,127.50000000
한국,2017,간호사,356880.0,korea,37.00000000,127.50000000
한국,2018,의사,123230.0,korea,37.00000000,127.50000000
한국,2018,약사,37837.0,korea,37.00000000,127.50000000
한국,2018,치과의사,25792.0,korea,37.00000000,127.50000000
한국,2018,간호사,373601.0,korea,37.00000000,127.50000000
한국,2019,의사,127258.0,korea,37.00000000,127.50000000
한국,2019,약사,38941.0,korea,37.00000000,127.50000000
한국,2019,치과의사,26486.0,korea,37.00000000,127.50000000
한국,2019,간호사,410694.0,korea,37.00000000,127.50000000
일본,1998,의사,238771.0,japan,36.00000000,138.00000000
일본,1998,약사,130259.0,japan,36.00000000,138.00000000
일본,1998,치과의사,85671.0,japan,36.00000000,138.00000000
일본,2000,의사,245315.0,japan,36.00000000,138.00000000
일본,2000,약사,142910.0,japan,36.00000000,138.00000000
일본,2000,치과의사,88416.0,japan,36.00000000,138.00000000
일본,2002,의사,251889.0,japan,36.00000000,138.00000000
일본,2002,약사,154428.0,japan,36.00000000,138.00000000
일본,2002,치과의사,90510.0,japan,36.00000000,138.00000000
일본,2002,간호사,1074629.0,japan,36.00000000,138.00000000
일본,2004,의사,259336.0,japan,36.00000000,138.00000000
일본,2004,약사,164397.0,japan,36.00000000,138.00000000
일본,2004,치과의사,92704.0,japan,36.00000000,138.00000000
일본,2004,간호사,1122779.0,japan,36.00000000,138.00000000
일본,2006,의사,266431.0,japan,36.00000000,138.00000000
일본,2006,약사,174218.0,japan,36.00000000,138.00000000
일본,2006,치과의사,94608.0,japan,36.00000000,138.00000000
일본,2006,간호사,1168833.0,japan,36.00000000,138.00000000
일본,2008,의사,274992.0,japan,36.00000000,138.00000000
일본,2008,약사,186052.0,japan,36.00000000,138.00000000
일본,2008,치과의사,96690.0,japan,36.00000000,138.00000000
일본,2008,간호사,1227111.0,japan,36.00000000,138.00000000
일본,2010,의사,283548.0,japan,36.00000000,138.00000000
일본,2010,약사,197616.0,japan,36.00000000,138.00000000
일본,2010,치과의사,98739.0,japan,36.00000000,138.00000000
일본,2010,간호사,1294234.0,japan,36.00000000,138.00000000
일본,2012,의사,292039.0,japan,36.00000000,138.00000000
일본,2012,약사,205716.0,japan,36.00000000,138.00000000
일본,2012,치과의사,99686.0,japan,36.00000000,138.00000000
일본,2012,간호사,1344388.0,japan,36.00000000,138.00000000
일본,2014,의사,300075.0,japan,36.00000000,138.00000000
일본,2014,약사,216077.0,japan,36.00000000,138.00000000
일본,2014,치과의사,100994.0,japan,36.00000000,138.00000000
일본,2014,간호사,1394985.0,japan,36.00000000,138.00000000
일본,2016,의사,308105.0,japan,36.00000000,138.00000000
일본,2016,약사,230186.0,japan,36.00000000,138.00000000
일본,2016,치과의사,101584.0,japan,36.00000000,138.00000000
일본,2016,간호사,1439721.0,japan,36.00000000,138.00000000
일본,2018,의사,315406.0,japan,36.00000000,138.00000000
일본,2018,약사,240371.0,japan,36.00000000,138.00000000
일본,2018,치과의사,101811.0,japan,36.00000000,138.00000000
일본,2018,간호사,1487444.0,japan,36.00000000,138.00000000
캐나다,2000,의사,61748.0,canada,60.00000000,-95.00000000
캐나다,2001,의사,62488.0,canada,60.00000000,-95.00000000
캐나다,2002,의사,63498.0,canada,60.00000000,-95.00000000
캐나다,2003,의사,63780.0,canada,60.00000000,-95.00000000
캐나다,2003,간호사,269154.0,canada,60.00000000,-95.00000000
캐나다,2004,의사,65301.0,canada,60.00000000,-95.00000000
캐나다,2004,간호사,271671.0,canada,60.00000000,-95.00000000
캐나다,2005,의사,66688.0,canada,60.00000000,-95.00000000
캐나다,2005,치과의사,18178.0,canada,60.00000000,-95.00000000
캐나다,2005,간호사,281430.0,canada,60.00000000,-95.00000000
캐나다,2006,의사,67886.0,canada,60.00000000,-95.00000000
캐나다,2006,치과의사,18414.0,canada,60.00000000,-95.00000000
캐나다,2006,간호사,287892.0,canada,60.00000000,-95.00000000
캐나다,2007,의사,69833.0,canada,60.00000000,-95.00000000
캐나다,2007,치과의사,18672.0,canada,60.00000000,-95.00000000
캐나다,2007,간호사,297388.0,canada,60.00000000,-95.00000000
캐나다,2008,의사,71990.0,canada,60.00000000,-95.00000000
캐나다,2008,치과의사,19006.0,canada,60.00000000,-95.00000000
캐나다,2008,간호사,304424.0,canada,60.00000000,-95.00000000
캐나다,2009,의사,75312.0,canada,60.00000000,-95.00000000
캐나다,2009,치과의사,19334.0,canada,60.00000000,-95.00000000
캐나다,2009,간호사,313431.0,canada,60.00000000,-95.00000000
캐나다,2010,의사,77488.0,canada,60.00000000,-95.00000000
캐나다,2010,치과의사,19800.0,canada,60.00000000,-95.00000000
캐나다,2010,간호사,318565.0,canada,60.00000000,-95.00000000
캐나다,2011,의사,80762.0,canada,60.00000000,-95.00000000
캐나다,2011,치과의사,20595.0,canada,60.00000000,-95.00000000
캐나다,2011,간호사,319026.0,canada,60.00000000,-95.00000000
캐나다,2012,의사,83629.0,canada,60.00000000,-95.00000000
캐나다,2012,약사,31637.0,canada,60.00000000,-95.00000000
캐나다,2012,치과의사,21093.0,canada,60.00000000,-95.00000000
캐나다,2012,간호사,326227.0,canada,60.00000000,-95.00000000
캐나다,2013,의사,86406.0,canada,60.00000000,-95.00000000
캐나다,2013,약사,32573.0,canada,60.00000000,-95.00000000
캐나다,2013,치과의사,21529.0,canada,60.00000000,-95.00000000
캐나다,2013,간호사,334570.0,canada,60.00000000,-95.00000000
캐나다,2014,의사,88873.0,canada,60.00000000,-95.00000000
캐나다,2014,약사,33203.0,canada,60.00000000,-95.00000000
캐나다,2014,치과의사,21928.0,canada,60.00000000,-95.00000000
캐나다,2014,간호사,347636.0,canada,60.00000000,-95.00000000
캐나다,2015,의사,91268.0,canada,60.00000000,-95.00000000
캐나다,2015,약사,35238.0,canada,60.00000000,-95.00000000
캐나다,2015,치과의사,22454.0,canada,60.00000000,-95.00000000
캐나다,2015,간호사,353738.0,canada,60.00000000,-95.00000000
캐나다,2016,의사,94643.0,canada,60.00000000,-95.00000000
캐나다,2016,약사,36380.0,canada,60.00000000,-95.00000000
캐나다,2016,치과의사,23060.0,canada,60.00000000,-95.00000000
캐나다,2016,간호사,359473.0,canada,60.00000000,-95.00000000
캐나다,2017,의사,97212.0,canada,60.00000000,-95.00000000
캐나다,2017,약사,37500.0,canada,60.00000000,-95.00000000
캐나다,2017,치과의사,23352.0,canada,60.00000000,-95.00000000
캐나다,2017,간호사,365450.0,canada,60.00000000,-95.00000000
캐나다,2018,의사,100710.0,canada,60.00000000,-95.00000000
캐나다,2018,약사,38291.0,canada,60.00000000,-95.00000000
캐나다,2018,치과의사,24517.0,canada,60.00000000,-95.00000000
캐나다,2018,간호사,368664.0,canada,60.00000000,-95.00000000
캐나다,2019,의사,102853.0,canada,60.00000000,-95.00000000
캐나다,2019,약사,38966.0,canada,60.00000000,-95.00000000
캐나다,2019,치과의사,24590.0,canada,60.00000000,-95.00000000
캐나다,2019,간호사,375319.0,canada,60.00000000,-95.00000000
캐나다,2020,의사,104409.0,canada,60.00000000,-95.00000000
오스트리아,1998,의사,30110.0,austria,47.33333333,13.33333333
오스트리아,1998,약사,4337.0,austria,47.33333333,13.33333333
오스트리아,1998,치과의사,3624.0,austria,47.33333333,13.33333333
오스트리아,1998,간호사,42013.0,austria,47.33333333,13.33333333
오스트리아,1999,의사,30115.0,austria,47.33333333,13.33333333
오스트리아,1999,약사,4439.0,austria,47.33333333,13.33333333
오스트리아,1999,치과의사,3666.0,austria,47.33333333,13.33333333
오스트리아,1999,간호사,43279.0,austria,47.33333333,13.33333333
오스트리아,2000,의사,30871.0,austria,47.33333333,13.33333333
오스트리아,2000,약사,4532.0,austria,47.33333333,13.33333333
오스트리아,2000,치과의사,3722.0,austria,47.33333333,13.33333333
오스트리아,2000,간호사,44426.0,austria,47.33333333,13.33333333
오스트리아,2001,의사,31859.0,austria,47.33333333,13.33333333
오스트리아,2001,약사,4581.0,austria,47.33333333,13.33333333
오스트리아,2001,치과의사,3879.0,austria,47.33333333,13.33333333
오스트리아,2001,간호사,44916.0,austria,47.33333333,13.33333333
오스트리아,2002,의사,32575.0,austria,47.33333333,13.33333333
오스트리아,2002,약사,4704.0,austria,47.33333333,13.33333333
오스트리아,2002,치과의사,3956.0,austria,47.33333333,13.33333333
오스트리아,2002,간호사,45879.0,austria,47.33333333,13.33333333
오스트리아,2003,의사,33410.0,austria,47.33333333,13.33333333
오스트리아,2003,약사,4869.0,austria,47.33333333,13.33333333
오스트리아,2003,치과의사,4037.0,austria,47.33333333,13.33333333
오스트리아,2003,간호사,46147.0,austria,47.33333333,13.33333333
오스트리아,2004,의사,34334.0,austria,47.33333333,13.33333333
오스트리아,2004,약사,4997.0,austria,47.33333333,13.33333333
오스트리아,2004,치과의사,4113.0,austria,47.33333333,13.33333333
오스트리아,2004,간호사,48435.0,austria,47.33333333,13.33333333
오스트리아,2005,의사,35518.0,austria,47.33333333,13.33333333
오스트리아,2005,약사,5076.0,austria,47.33333333,13.33333333
오스트리아,2005,치과의사,4232.0,austria,47.33333333,13.33333333
오스트리아,2005,간호사,49294.0,austria,47.33333333,13.33333333
오스트리아,2006,의사,36792.0,austria,47.33333333,13.33333333
오스트리아,2006,약사,5192.0,austria,47.33333333,13.33333333
오스트리아,2006,치과의사,4467.0,austria,47.33333333,13.33333333
오스트리아,2006,간호사,50808.0,austria,47.33333333,13.33333333
오스트리아,2007,의사,37643.0,austria,47.33333333,13.33333333
오스트리아,2007,약사,5263.0,austria,47.33333333,13.33333333
오스트리아,2007,치과의사,4490.0,austria,47.33333333,13.33333333
오스트리아,2007,간호사,51524.0,austria,47.33333333,13.33333333
오스트리아,2008,의사,38313.0,austria,47.33333333,13.33333333
오스트리아,2008,약사,5326.0,austria,47.33333333,13.33333333
오스트리아,2008,치과의사,4544.0,austria,47.33333333,13.33333333
오스트리아,2008,간호사,52924.0,austria,47.33333333,13.33333333
오스트리아,2009,의사,39123.0,austria,47.33333333,13.33333333
오스트리아,2009,약사,5452.0,austria,47.33333333,13.33333333
오스트리아,2009,치과의사,4619.0,austria,47.33333333,13.33333333
오스트리아,2009,간호사,54018.0,austria,47.33333333,13.33333333
오스트리아,2010,의사,40105.0,austria,47.33333333,13.33333333
오스트리아,2010,약사,5579.0,austria,47.33333333,13.33333333
오스트리아,2010,치과의사,4685.0,austria,47.33333333,13.33333333
오스트리아,2010,간호사,54617.0,austria,47.33333333,13.33333333
오스트리아,2011,의사,40634.0,austria,47.33333333,13.33333333
오스트리아,2011,약사,5700.0,austria,47.33333333,13.33333333
오스트리아,2011,치과의사,4743.0,austria,47.33333333,13.33333333
오스트리아,2011,간호사,55594.0,austria,47.33333333,13.33333333
오스트리아,2012,의사,41268.0,austria,47.33333333,13.33333333
오스트리아,2012,약사,5823.0,austria,47.33333333,13.33333333
오스트리아,2012,치과의사,4797.0,austria,47.33333333,13.33333333
오스트리아,2012,간호사,56085.0,austria,47.33333333,13.33333333
오스트리아,2013,의사,42302.0,austria,47.33333333,13.33333333
오스트리아,2013,약사,5918.0,austria,47.33333333,13.33333333
오스트리아,2013,치과의사,4853.0,austria,47.33333333,13.33333333
오스트리아,2013,간호사,56747.0,austria,47.33333333,13.33333333
오스트리아,2014,의사,43126.0,austria,47.33333333,13.33333333
오스트리아,2014,약사,5999.0,austria,47.33333333,13.33333333
오스트리아,2014,치과의사,4893.0,austria,47.33333333,13.33333333
오스트리아,2014,간호사,58040.0,austria,47.33333333,13.33333333
오스트리아,2015,의사,44002.0,austria,47.33333333,13.33333333
오스트리아,2015,약사,6104.0,austria,47.33333333,13.33333333
오스트리아,2015,치과의사,4906.0,austria,47.33333333,13.33333333
오스트리아,2015,간호사,58732.0,austria,47.33333333,13.33333333
오스트리아,2016,의사,44816.0,austria,47.33333333,13.33333333
오스트리아,2016,약사,6194.0,austria,47.33333333,13.33333333
오스트리아,2016,치과의사,4954.0,austria,47.33333333,13.33333333
오스트리아,2016,간호사,59165.0,austria,47.33333333,13.33333333
오스트리아,2017,의사,45596.0,austria,47.33333333,13.33333333
오스트리아,2017,약사,6246.0,austria,47.33333333,13.33333333
오스트리아,2017,치과의사,5009.0,austria,47.33333333,13.33333333
오스트리아,2017,간호사,60263.0,austria,47.33333333,13.33333333
오스트리아,2018,의사,46337.0,austria,47.33333333,13.33333333
오스트리아,2018,약사,6349.0,austria,47.33333333,13.33333333
오스트리아,2018,치과의사,5027.0,austria,47.33333333,13.33333333
오스트리아,2018,간호사,60694.0,austria,47.33333333,13.33333333
오스트리아,2019,의사,47224.0,austria,47.33333333,13.33333333
오스트리아,2019,약사,6479.0,austria,47.33333333,13.33333333
오스트리아,2019,치과의사,5143.0,austria,47.33333333,13.33333333
오스트리아,2019,간호사,92115.0,austria,47.33333333,13.33333333
오스트리아,2020,의사,47674.0,austria,47.33333333,13.33333333
오스트리아,2020,약사,6516.0,austria,47.33333333,13.33333333
벨기에,1998,의사,38109.0,belgium,50.83333333,4.00000000
벨기에,1998,약사,10087.0,belgium,50.83333333,4.00000000
벨기에,1998,치과의사,8240.0,belgium,50.83333333,4.00000000
벨기에,1999,의사,28642.0,belgium,50.83333333,4.00000000
벨기에,1999,약사,10437.0,belgium,50.83333333,4.00000000
벨기에,1999,치과의사,8326.0,belgium,50.83333333,4.00000000
벨기에,2000,의사,28999.0,belgium,50.83333333,4.00000000
벨기에,2000,약사,10724.0,belgium,50.83333333,4.00000000
벨기에,2000,치과의사,7659.0,belgium,50.83333333,4.00000000
벨기에,2001,의사,29303.0,belgium,50.83333333,4.00000000
벨기에,2001,약사,10939.0,belgium,50.83333333,4.00000000
벨기에,2001,치과의사,7680.0,belgium,50.83333333,4.00000000
벨기에,2002,의사,29537.0,belgium,50.83333333,4.00000000
벨기에,2002,약사,11191.0,belgium,50.83333333,4.00000000
벨기에,2002,치과의사,7685.0,belgium,50.83333333,4.00000000
벨기에,2003,의사,29646.0,belgium,50.83333333,4.00000000
벨기에,2003,약사,11394.0,belgium,50.83333333,4.00000000
벨기에,2003,치과의사,7680.0,belgium,50.83333333,4.00000000
벨기에,2004,의사,29891.0,belgium,50.83333333,4.00000000
벨기에,2004,약사,11618.0,belgium,50.83333333,4.00000000
벨기에,2004,치과의사,7712.0,belgium,50.83333333,4.00000000
벨기에,2004,간호사,91644.0,belgium,50.83333333,4.00000000
벨기에,2005,의사,30081.0,belgium,50.83333333,4.00000000
벨기에,2005,약사,11882.0,belgium,50.83333333,4.00000000
벨기에,2005,치과의사,7694.0,belgium,50.83333333,4.00000000
벨기에,2005,간호사,94401.0,belgium,50.83333333,4.00000000
벨기에,2006,의사,30440.0,belgium,50.83333333,4.00000000
벨기에,2006,약사,12109.0,belgium,50.83333333,4.00000000
벨기에,2006,치과의사,7748.0,belgium,50.83333333,4.00000000
벨기에,2006,간호사,96232.0,belgium,50.83333333,4.00000000
벨기에,2007,의사,30868.0,belgium,50.83333333,4.00000000
벨기에,2007,약사,12305.0,belgium,50.83333333,4.00000000
벨기에,2007,치과의사,7677.0,belgium,50.83333333,4.00000000
벨기에,2007,간호사,98137.0,belgium,50.83333333,4.00000000
벨기에,2008,의사,31281.0,belgium,50.83333333,4.00000000
벨기에,2008,약사,12602.0,belgium,50.83333333,4.00000000
벨기에,2008,치과의사,7663.0,belgium,50.83333333,4.00000000
벨기에,2008,간호사,99805.0,belgium,50.83333333,4.00000000
벨기에,2009,의사,31578.0,belgium,50.83333333,4.00000000
벨기에,2009,약사,12450.0,belgium,50.83333333,4.00000000
벨기에,2009,치과의사,7655.0,belgium,50.83333333,4.00000000
벨기에,2009,간호사,101743.0,belgium,50.83333333,4.00000000
벨기에,2010,의사,31815.0,belgium,50.83333333,4.00000000
벨기에,2010,약사,12629.0,belgium,50.83333333,4.00000000
벨기에,2010,치과의사,7675.0,belgium,50.83333333,4.00000000
벨기에,2010,간호사,104513.0,belgium,50.83333333,4.00000000
벨기에,2011,의사,32182.0,belgium,50.83333333,4.00000000
벨기에,2011,약사,12845.0,belgium,50.83333333,4.00000000
벨기에,2011,치과의사,7777.0,belgium,50.83333333,4.00000000
벨기에,2011,간호사,108258.0,belgium,50.83333333,4.00000000
벨기에,2012,의사,32583.0,belgium,50.83333333,4.00000000
벨기에,2012,약사,13027.0,belgium,50.83333333,4.00000000
벨기에,2012,치과의사,7869.0,belgium,50.83333333,4.00000000
벨기에,2012,간호사,111331.0,belgium,50.83333333,4.00000000
벨기에,2013,의사,32999.0,belgium,50.83333333,4.00000000
벨기에,2013,약사,13280.0,belgium,50.83333333,4.00000000
벨기에,2013,치과의사,7965.0,belgium,50.83333333,4.00000000
벨기에,2013,간호사,114959.0,belgium,50.83333333,4.00000000
벨기에,2014,의사,33353.0,belgium,50.83333333,4.00000000
벨기에,2014,약사,13508.0,belgium,50.83333333,4.00000000
벨기에,2014,치과의사,8108.0,belgium,50.83333333,4.00000000
벨기에,2014,간호사,118608.0,belgium,50.83333333,4.00000000
벨기에,2015,의사,34020.0,belgium,50.83333333,4.00000000
벨기에,2015,약사,13643.0,belgium,50.83333333,4.00000000
벨기에,2015,치과의사,8291.0,belgium,50.83333333,4.00000000
벨기에,2015,간호사,122127.0,belgium,50.83333333,4.00000000
벨기에,2016,의사,34834.0,belgium,50.83333333,4.00000000
벨기에,2016,약사,13876.0,belgium,50.83333333,4.00000000
벨기에,2016,치과의사,8478.0,belgium,50.83333333,4.00000000
벨기에,2016,간호사,124196.0,belgium,50.83333333,4.00000000
벨기에,2017,의사,35069.0,belgium,50.83333333,4.00000000
벨기에,2017,약사,14084.0,belgium,50.83333333,4.00000000
벨기에,2017,치과의사,8516.0,belgium,50.83333333,4.00000000
벨기에,2017,간호사,127681.0,belgium,50.83333333,4.00000000
벨기에,2018,의사,35762.0,belgium,50.83333333,4.00000000
벨기에,2018,약사,14280.0,belgium,50.83333333,4.00000000
벨기에,2018,치과의사,8614.0,belgium,50.83333333,4.00000000
벨기에,2018,간호사,126496.0,belgium,50.83333333,4.00000000
벨기에,2019,의사,36343.0,belgium,50.83333333,4.00000000
벨기에,2019,약사,14554.0,belgium,50.83333333,4.00000000
벨기에,2019,치과의사,8697.0,belgium,50.83333333,4.00000000
체코,1998,의사,31192.0,czech republic,49.75000000,15.50000000
체코,1998,약사,4559.0,czech republic,49.75000000,15.50000000
체코,1998,치과의사,6386.0,czech republic,49.75000000,15.50000000
체코,1998,간호사,75617.0,czech republic,49.75000000,15.50000000
체코,1999,의사,31653.0,czech republic,49.75000000,15.50000000
체코,1999,약사,4786.0,czech republic,49.75000000,15.50000000
체코,1999,치과의사,6426.0,czech republic,49.75000000,15.50000000
체코,1999,간호사,75871.0,czech republic,49.75000000,15.50000000
체코,2000,의사,34604.0,czech republic,49.75000000,15.50000000
체코,2000,약사,5059.0,czech republic,49.75000000,15.50000000
체코,2000,치과의사,6658.0,czech republic,49.75000000,15.50000000
체코,2000,간호사,77998.0,czech republic,49.75000000,15.50000000
체코,2001,의사,35222.0,czech republic,49.75000000,15.50000000
체코,2001,약사,5199.0,czech republic,49.75000000,15.50000000
체코,2001,치과의사,6698.0,czech republic,49.75000000,15.50000000
체코,2001,간호사,80206.0,czech republic,49.75000000,15.50000000
체코,2002,의사,35750.0,czech republic,49.75000000,15.50000000
체코,2002,약사,5397.0,czech republic,49.75000000,15.50000000
체코,2002,치과의사,6697.0,czech republic,49.75000000,15.50000000
체코,2002,간호사,81491.0,czech republic,49.75000000,15.50000000
체코,2003,의사,35960.0,czech republic,49.75000000,15.50000000
체코,2003,약사,5610.0,czech republic,49.75000000,15.50000000
체코,2003,치과의사,6737.0,czech republic,49.75000000,15.50000000
체코,2003,간호사,81384.0,czech republic,49.75000000,15.50000000
체코,2004,의사,35907.0,czech republic,49.75000000,15.50000000
체코,2004,약사,5674.0,czech republic,49.75000000,15.50000000
체코,2004,치과의사,6843.0,czech republic,49.75000000,15.50000000
체코,2004,간호사,82743.0,czech republic,49.75000000,15.50000000
체코,2005,의사,36381.0,czech republic,49.75000000,15.50000000
체코,2005,약사,5761.0,czech republic,49.75000000,15.50000000
체코,2005,치과의사,6906.0,czech republic,49.75000000,15.50000000
체코,2005,간호사,82835.0,czech republic,49.75000000,15.50000000
체코,2006,의사,36595.0,czech republic,49.75000000,15.50000000
체코,2006,약사,5842.0,czech republic,49.75000000,15.50000000
체코,2006,치과의사,6933.0,czech republic,49.75000000,15.50000000
체코,2006,간호사,82668.0,czech republic,49.75000000,15.50000000
체코,2007,의사,36815.0,czech republic,49.75000000,15.50000000
체코,2007,약사,5785.0,czech republic,49.75000000,15.50000000
체코,2007,치과의사,6948.0,czech republic,49.75000000,15.50000000
체코,2007,간호사,82667.0,czech republic,49.75000000,15.50000000
체코,2008,의사,36921.0,czech republic,49.75000000,15.50000000
체코,2008,약사,5861.0,czech republic,49.75000000,15.50000000
체코,2008,치과의사,6974.0,czech republic,49.75000000,15.50000000
체코,2008,간호사,82765.0,czech republic,49.75000000,15.50000000
체코,2009,의사,37351.0,czech republic,49.75000000,15.50000000
체코,2009,약사,5915.0,czech republic,49.75000000,15.50000000
체코,2009,치과의사,7092.0,czech republic,49.75000000,15.50000000
체코,2009,간호사,84514.0,czech republic,49.75000000,15.50000000
체코,2010,의사,37661.0,czech republic,49.75000000,15.50000000
체코,2010,약사,6061.0,czech republic,49.75000000,15.50000000
체코,2010,치과의사,7263.0,czech republic,49.75000000,15.50000000
체코,2010,간호사,84796.0,czech republic,49.75000000,15.50000000
체코,2011,의사,38171.0,czech republic,49.75000000,15.50000000
체코,2011,약사,6222.0,czech republic,49.75000000,15.50000000
체코,2011,치과의사,7429.0,czech republic,49.75000000,15.50000000
체코,2011,간호사,84328.0,czech republic,49.75000000,15.50000000
체코,2012,의사,38624.0,czech republic,49.75000000,15.50000000
체코,2012,약사,6327.0,czech republic,49.75000000,15.50000000
체코,2012,치과의사,7461.0,czech republic,49.75000000,15.50000000
체코,2012,간호사,84688.0,czech republic,49.75000000,15.50000000
체코,2013,의사,38776.0,czech republic,49.75000000,15.50000000
체코,2013,약사,6383.0,czech republic,49.75000000,15.50000000
체코,2013,치과의사,7426.0,czech republic,49.75000000,15.50000000
체코,2013,간호사,84045.0,czech republic,49.75000000,15.50000000
체코,2014,약사,6724.0,czech republic,49.75000000,15.50000000
체코,2014,치과의사,7906.0,czech republic,49.75000000,15.50000000
체코,2014,간호사,83492.0,czech republic,49.75000000,15.50000000
체코,2015,약사,6965.0,czech republic,49.75000000,15.50000000
체코,2015,간호사,84450.0,czech republic,49.75000000,15.50000000
체코,2016,약사,7172.0,czech republic,49.75000000,15.50000000
체코,2016,치과의사,7955.0,czech republic,49.75000000,15.50000000
체코,2016,간호사,83799.0,czech republic,49.75000000,15.50000000
체코,2017,약사,7308.0,czech republic,49.75000000,15.50000000
체코,2017,치과의사,7921.0,czech republic,49.75000000,15.50000000
체코,2017,간호사,90061.0,czech republic,49.75000000,15.50000000
체코,2018,의사,42919.0,czech republic,49.75000000,15.50000000
체코,2018,약사,7347.0,czech republic,49.75000000,15.50000000
체코,2018,치과의사,7844.0,czech republic,49.75000000,15.50000000
체코,2018,간호사,90587.0,czech republic,49.75000000,15.50000000
체코,2019,의사,43399.0,czech republic,49.75000000,15.50000000
체코,2019,약사,7686.0,czech republic,49.75000000,15.50000000
체코,2019,치과의사,7825.0,czech republic,49.75000000,15.50000000
체코,2019,간호사,91354.0,czech republic,49.75000000,15.50000000
덴마크,1998,의사,15144.0,denmark,56.00000000,10.00000000
덴마크,1998,약사,2232.0,denmark,56.00000000,10.00000000
덴마크,1998,치과의사,4631.0,denmark,56.00000000,10.00000000
덴마크,1998,간호사,48636.0,denmark,56.00000000,10.00000000
덴마크,1999,의사,15342.0,denmark,56.00000000,10.00000000
덴마크,1999,약사,2282.0,denmark,56.00000000,10.00000000
덴마크,1999,치과의사,4585.0,denmark,56.00000000,10.00000000
덴마크,1999,간호사,48575.0,denmark,56.00000000,10.00000000
덴마크,2000,의사,15553.0,denmark,56.00000000,10.00000000
덴마크,2000,약사,2180.0,denmark,56.00000000,10.00000000
덴마크,2000,치과의사,4582.0,denmark,56.00000000,10.00000000
덴마크,2000,간호사,49706.0,denmark,56.00000000,10.00000000
덴마크,2001,의사,15717.0,denmark,56.00000000,10.00000000
덴마크,2001,약사,2333.0,denmark,56.00000000,10.00000000
덴마크,2001,치과의사,4608.0,denmark,56.00000000,10.00000000
덴마크,2001,간호사,50005.0,denmark,56.00000000,10.00000000
덴마크,2002,의사,16324.0,denmark,56.00000000,10.00000000
덴마크,2002,약사,2361.0,denmark,56.00000000,10.00000000
덴마크,2002,치과의사,4579.0,denmark,56.00000000,10.00000000
덴마크,2002,간호사,50754.0,denmark,56.00000000,10.00000000
덴마크,2003,의사,16608.0,denmark,56.00000000,10.00000000
덴마크,2003,약사,2413.0,denmark,56.00000000,10.00000000
덴마크,2003,치과의사,4595.0,denmark,56.00000000,10.00000000
덴마크,2003,간호사,50064.0,denmark,56.00000000,10.00000000
덴마크,2004,의사,17438.0,denmark,56.00000000,10.00000000
덴마크,2004,약사,2358.0,denmark,56.00000000,10.00000000
덴마크,2004,치과의사,4631.0,denmark,56.00000000,10.00000000
덴마크,2004,간호사,51044.0,denmark,56.00000000,10.00000000
덴마크,2005,의사,18072.0,denmark,56.00000000,10.00000000
덴마크,2005,약사,2499.0,denmark,56.00000000,10.00000000
덴마크,2005,치과의사,4643.0,denmark,56.00000000,10.00000000
덴마크,2005,간호사,51946.0,denmark,56.00000000,10.00000000
덴마크,2006,의사,18615.0,denmark,56.00000000,10.00000000
덴마크,2006,약사,2502.0,denmark,56.00000000,10.00000000
덴마크,2006,치과의사,4627.0,denmark,56.00000000,10.00000000
덴마크,2006,간호사,51919.0,denmark,56.00000000,10.00000000
덴마크,2007,의사,18886.0,denmark,56.00000000,10.00000000
덴마크,2007,약사,2495.0,denmark,56.00000000,10.00000000
덴마크,2007,치과의사,4588.0,denmark,56.00000000,10.00000000
덴마크,2007,간호사,50766.0,denmark,56.00000000,10.00000000
덴마크,2008,의사,19664.0,denmark,56.00000000,10.00000000
덴마크,2008,약사,2485.0,denmark,56.00000000,10.00000000
덴마크,2008,치과의사,4513.0,denmark,56.00000000,10.00000000
덴마크,2008,간호사,52478.0,denmark,56.00000000,10.00000000
덴마크,2009,의사,20166.0,denmark,56.00000000,10.00000000
덴마크,2009,약사,2511.0,denmark,56.00000000,10.00000000
덴마크,2009,치과의사,4455.0,denmark,56.00000000,10.00000000
덴마크,2009,간호사,54110.0,denmark,56.00000000,10.00000000
덴마크,2010,의사,20670.0,denmark,56.00000000,10.00000000
덴마크,2010,약사,2628.0,denmark,56.00000000,10.00000000
덴마크,2010,치과의사,4544.0,denmark,56.00000000,10.00000000
덴마크,2010,간호사,54481.0,denmark,56.00000000,10.00000000
덴마크,2011,의사,21108.0,denmark,56.00000000,10.00000000
덴마크,2011,약사,2689.0,denmark,56.00000000,10.00000000
덴마크,2011,치과의사,4468.0,denmark,56.00000000,10.00000000
덴마크,2011,간호사,55000.0,denmark,56.00000000,10.00000000
덴마크,2012,의사,21458.0,denmark,56.00000000,10.00000000
덴마크,2012,약사,2788.0,denmark,56.00000000,10.00000000
덴마크,2012,치과의사,4454.0,denmark,56.00000000,10.00000000
덴마크,2012,간호사,55694.0,denmark,56.00000000,10.00000000
덴마크,2013,의사,21614.0,denmark,56.00000000,10.00000000
덴마크,2013,약사,2849.0,denmark,56.00000000,10.00000000
덴마크,2013,치과의사,4393.0,denmark,56.00000000,10.00000000
덴마크,2013,간호사,55889.0,denmark,56.00000000,10.00000000
덴마크,2014,의사,21882.0,denmark,56.00000000,10.00000000
덴마크,2014,약사,2879.0,denmark,56.00000000,10.00000000
덴마크,2014,치과의사,4342.0,denmark,56.00000000,10.00000000
덴마크,2014,간호사,56060.0,denmark,56.00000000,10.00000000
덴마크,2015,의사,22332.0,denmark,56.00000000,10.00000000
덴마크,2015,약사,2931.0,denmark,56.00000000,10.00000000
덴마크,2015,치과의사,4321.0,denmark,56.00000000,10.00000000
덴마크,2015,간호사,56372.0,denmark,56.00000000,10.00000000
덴마크,2016,의사,22902.0,denmark,56.00000000,10.00000000
덴마크,2016,약사,2979.0,denmark,56.00000000,10.00000000
덴마크,2016,치과의사,4247.0,denmark,56.00000000,10.00000000
덴마크,2016,간호사,56991.0,denmark,56.00000000,10.00000000
덴마크,2017,의사,23688.0,denmark,56.00000000,10.00000000
덴마크,2017,약사,3063.0,denmark,56.00000000,10.00000000
덴마크,2017,치과의사,4141.0,denmark,56.00000000,10.00000000
덴마크,2017,간호사,57821.0,denmark,56.00000000,10.00000000
덴마크,2018,의사,24301.0,denmark,56.00000000,10.00000000
덴마크,2018,약사,3130.0,denmark,56.00000000,10.00000000
덴마크,2018,치과의사,4162.0,denmark,56.00000000,10.00000000
덴마크,2018,간호사,58509.0,denmark,56.00000000,10.00000000
에스토니아,1998,의사,4158.0,estonia,59.00000000,26.00000000
에스토니아,1998,약사,777.0,estonia,59.00000000,26.00000000
에스토니아,1998,치과의사,1045.0,estonia,59.00000000,26.00000000
에스토니아,1998,간호사,8513.0,estonia,59.00000000,26.00000000
에스토니아,1999,의사,4200.0,estonia,59.00000000,26.00000000
에스토니아,1999,약사,805.0,estonia,59.00000000,26.00000000
에스토니아,1999,치과의사,1060.0,estonia,59.00000000,26.00000000
에스토니아,1999,간호사,8333.0,estonia,59.00000000,26.00000000
에스토니아,2000,의사,4110.0,estonia,59.00000000,26.00000000
에스토니아,2000,약사,815.0,estonia,59.00000000,26.00000000
에스토니아,2000,치과의사,1053.0,estonia,59.00000000,26.00000000
에스토니아,2000,간호사,8153.0,estonia,59.00000000,26.00000000
에스토니아,2001,의사,3863.0,estonia,59.00000000,26.00000000
에스토니아,2001,약사,799.0,estonia,59.00000000,26.00000000
에스토니아,2001,치과의사,1121.0,estonia,59.00000000,26.00000000
에스토니아,2001,간호사,8050.0,estonia,59.00000000,26.00000000
에스토니아,2002,의사,4089.0,estonia,59.00000000,26.00000000
에스토니아,2002,약사,754.0,estonia,59.00000000,26.00000000
에스토니아,2002,치과의사,1079.0,estonia,59.00000000,26.00000000
에스토니아,2002,간호사,8294.0,estonia,59.00000000,26.00000000
에스토니아,2003,의사,4107.0,estonia,59.00000000,26.00000000
에스토니아,2003,약사,776.0,estonia,59.00000000,26.00000000
에스토니아,2003,치과의사,1127.0,estonia,59.00000000,26.00000000
에스토니아,2003,간호사,8412.0,estonia,59.00000000,26.00000000
에스토니아,2004,의사,4120.0,estonia,59.00000000,26.00000000
에스토니아,2004,약사,844.0,estonia,59.00000000,26.00000000
에스토니아,2004,치과의사,1116.0,estonia,59.00000000,26.00000000
에스토니아,2004,간호사,8509.0,estonia,59.00000000,26.00000000
에스토니아,2005,의사,4257.0,estonia,59.00000000,26.00000000
에스토니아,2005,약사,849.0,estonia,59.00000000,26.00000000
에스토니아,2005,치과의사,1190.0,estonia,59.00000000,26.00000000
에스토니아,2005,간호사,8515.0,estonia,59.00000000,26.00000000
에스토니아,2006,의사,4286.0,estonia,59.00000000,26.00000000
에스토니아,2006,약사,810.0,estonia,59.00000000,26.00000000
에스토니아,2006,치과의사,1194.0,estonia,59.00000000,26.00000000
에스토니아,2006,간호사,8492.0,estonia,59.00000000,26.00000000
에스토니아,2007,의사,4370.0,estonia,59.00000000,26.00000000
에스토니아,2007,약사,872.0,estonia,59.00000000,26.00000000
에스토니아,2007,치과의사,1164.0,estonia,59.00000000,26.00000000
에스토니아,2007,간호사,8585.0,estonia,59.00000000,26.00000000
에스토니아,2008,의사,4469.0,estonia,59.00000000,26.00000000
에스토니아,2008,약사,862.0,estonia,59.00000000,26.00000000
에스토니아,2008,치과의사,1237.0,estonia,59.00000000,26.00000000
에스토니아,2008,간호사,8577.0,estonia,59.00000000,26.00000000
에스토니아,2009,의사,4378.0,estonia,59.00000000,26.00000000
에스토니아,2009,약사,857.0,estonia,59.00000000,26.00000000
에스토니아,2009,치과의사,1196.0,estonia,59.00000000,26.00000000
에스토니아,2009,간호사,8218.0,estonia,59.00000000,26.00000000
에스토니아,2010,의사,4319.0,estonia,59.00000000,26.00000000
에스토니아,2010,약사,842.0,estonia,59.00000000,26.00000000
에스토니아,2010,치과의사,1198.0,estonia,59.00000000,26.00000000
에스토니아,2010,간호사,8154.0,estonia,59.00000000,26.00000000
에스토니아,2011,의사,4372.0,estonia,59.00000000,26.00000000
에스토니아,2011,약사,832.0,estonia,59.00000000,26.00000000
에스토니아,2011,치과의사,1179.0,estonia,59.00000000,26.00000000
에스토니아,2011,간호사,8283.0,estonia,59.00000000,26.00000000
에스토니아,2012,의사,4343.0,estonia,59.00000000,26.00000000
에스토니아,2012,약사,847.0,estonia,59.00000000,26.00000000
에스토니아,2012,치과의사,1196.0,estonia,59.00000000,26.00000000
에스토니아,2012,간호사,8158.0,estonia,59.00000000,26.00000000
에스토니아,2013,의사,4395.0,estonia,59.00000000,26.00000000
에스토니아,2013,약사,868.0,estonia,59.00000000,26.00000000
에스토니아,2013,치과의사,1190.0,estonia,59.00000000,26.00000000
에스토니아,2013,간호사,7428.0,estonia,59.00000000,26.00000000
에스토니아,2014,의사,4418.0,estonia,59.00000000,26.00000000
에스토니아,2014,약사,883.0,estonia,59.00000000,26.00000000
에스토니아,2014,치과의사,1223.0,estonia,59.00000000,26.00000000
에스토니아,2014,간호사,7551.0,estonia,59.00000000,26.00000000
에스토니아,2015,의사,4492.0,estonia,59.00000000,26.00000000
에스토니아,2015,약사,948.0,estonia,59.00000000,26.00000000
에스토니아,2015,치과의사,1239.0,estonia,59.00000000,26.00000000
에스토니아,2015,간호사,7904.0,estonia,59.00000000,26.00000000
에스토니아,2016,의사,4548.0,estonia,59.00000000,26.00000000
에스토니아,2016,약사,963.0,estonia,59.00000000,26.00000000
에스토니아,2016,치과의사,1257.0,estonia,59.00000000,26.00000000
에스토니아,2016,간호사,8029.0,estonia,59.00000000,26.00000000
에스토니아,2017,의사,4569.0,estonia,59.00000000,26.00000000
에스토니아,2017,약사,956.0,estonia,59.00000000,26.00000000
에스토니아,2017,치과의사,1265.0,estonia,59.00000000,26.00000000
에스토니아,2017,간호사,8157.0,estonia,59.00000000,26.00000000
에스토니아,2018,의사,4605.0,estonia,59.00000000,26.00000000
에스토니아,2018,약사,955.0,estonia,59.00000000,26.00000000
에스토니아,2018,치과의사,1277.0,estonia,59.00000000,26.00000000
에스토니아,2018,간호사,8317.0,estonia,59.00000000,26.00000000
에스토니아,2019,의사,4603.0,estonia,59.00000000,26.00000000
에스토니아,2019,약사,951.0,estonia,59.00000000,26.00000000
에스토니아,2019,치과의사,1303.0,estonia,59.00000000,26.00000000
에스토니아,2019,간호사,8279.0,estonia,59.00000000,26.00000000
핀란드,1998,의사,11958.0,finland,64.00000000,26.00000000
핀란드,1999,의사,12401.0,finland,64.00000000,26.00000000
핀란드,2000,의사,12936.0,finland,64.00000000,26.00000000
핀란드,2000,약사,5005.0,finland,64.00000000,26.00000000
핀란드,2000,치과의사,4410.0,finland,64.00000000,26.00000000
핀란드,2000,간호사,55426.0,finland,64.00000000,26.00000000
핀란드,2001,의사,12968.0,finland,64.00000000,26.00000000
핀란드,2002,의사,13141.0,finland,64.00000000,26.00000000
핀란드,2003,의사,13365.0,finland,64.00000000,26.00000000
핀란드,2004,의사,13543.0,finland,64.00000000,26.00000000
핀란드,2004,약사,5555.0,finland,64.00000000,26.00000000
핀란드,2004,치과의사,4260.0,finland,64.00000000,26.00000000
핀란드,2004,간호사,63426.0,finland,64.00000000,26.00000000
핀란드,2005,의사,13818.0,finland,64.00000000,26.00000000
핀란드,2005,약사,5425.0,finland,64.00000000,26.00000000
핀란드,2005,치과의사,4235.0,finland,64.00000000,26.00000000
핀란드,2005,간호사,65945.0,finland,64.00000000,26.00000000
핀란드,2006,의사,14124.0,finland,64.00000000,26.00000000
핀란드,2006,약사,5540.0,finland,64.00000000,26.00000000
핀란드,2006,치과의사,4145.0,finland,64.00000000,26.00000000
핀란드,2006,간호사,69261.0,finland,64.00000000,26.00000000
핀란드,2007,의사,14220.0,finland,64.00000000,26.00000000
핀란드,2007,약사,5665.0,finland,64.00000000,26.00000000
핀란드,2007,치과의사,4135.0,finland,64.00000000,26.00000000
핀란드,2007,간호사,70869.0,finland,64.00000000,26.00000000
핀란드,2008,의사,14455.0,finland,64.00000000,26.00000000
핀란드,2008,약사,5844.0,finland,64.00000000,26.00000000
핀란드,2008,치과의사,4007.0,finland,64.00000000,26.00000000
핀란드,2008,간호사,69818.0,finland,64.00000000,26.00000000
핀란드,2009,의사,15090.0,finland,64.00000000,26.00000000
핀란드,2009,약사,5845.0,finland,64.00000000,26.00000000
핀란드,2009,치과의사,3970.0,finland,64.00000000,26.00000000
핀란드,2009,간호사,72372.0,finland,64.00000000,26.00000000
핀란드,2010,의사,16030.0,finland,64.00000000,26.00000000
핀란드,2010,약사,5944.0,finland,64.00000000,26.00000000
핀란드,2010,치과의사,4234.0,finland,64.00000000,26.00000000
핀란드,2010,간호사,74334.0,finland,64.00000000,26.00000000
핀란드,2011,의사,16090.0,finland,64.00000000,26.00000000
핀란드,2011,약사,5997.0,finland,64.00000000,26.00000000
핀란드,2011,치과의사,4191.0,finland,64.00000000,26.00000000
핀란드,2011,간호사,75871.0,finland,64.00000000,26.00000000
핀란드,2012,의사,16614.0,finland,64.00000000,26.00000000
핀란드,2012,약사,6259.0,finland,64.00000000,26.00000000
핀란드,2012,치과의사,4009.0,finland,64.00000000,26.00000000
핀란드,2012,간호사,76900.0,finland,64.00000000,26.00000000
핀란드,2013,의사,17116.0,finland,64.00000000,26.00000000
핀란드,2013,약사,6020.0,finland,64.00000000,26.00000000
핀란드,2013,치과의사,3948.0,finland,64.00000000,26.00000000
핀란드,2013,간호사,77129.0,finland,64.00000000,26.00000000
핀란드,2014,의사,17511.0,finland,64.00000000,26.00000000
핀란드,2014,약사,5941.0,finland,64.00000000,26.00000000
핀란드,2014,치과의사,3988.0,finland,64.00000000,26.00000000
핀란드,2014,간호사,77867.0,finland,64.00000000,26.00000000
프랑스,2000,의사,183637.0,france,46.00000000,2.00000000
프랑스,2001,의사,186571.0,france,46.00000000,2.00000000
프랑스,2002,의사,189189.0,france,46.00000000,2.00000000
프랑스,2003,의사,191347.0,france,46.00000000,2.00000000
프랑스,2004,의사,193648.0,france,46.00000000,2.00000000
프랑스,2005,의사,195079.0,france,46.00000000,2.00000000
프랑스,2006,의사,196018.0,france,46.00000000,2.00000000
프랑스,2007,의사,196200.0,france,46.00000000,2.00000000
프랑스,2008,의사,197088.0,france,46.00000000,2.00000000
프랑스,2009,의사,195460.0,france,46.00000000,2.00000000
프랑스,2010,의사,196767.0,france,46.00000000,2.00000000
프랑스,2011,의사,199094.0,france,46.00000000,2.00000000
프랑스,2011,약사,68564.0,france,46.00000000,2.00000000
프랑스,2011,치과의사,40169.0,france,46.00000000,2.00000000
프랑스,2012,의사,201094.0,france,46.00000000,2.00000000
프랑스,2012,약사,69433.0,france,46.00000000,2.00000000
프랑스,2012,치과의사,40438.0,france,46.00000000,2.00000000
프랑스,2013,의사,203249.0,france,46.00000000,2.00000000
프랑스,2013,약사,69688.0,france,46.00000000,2.00000000
프랑스,2013,치과의사,40887.0,france,46.00000000,2.00000000
프랑스,2014,의사,205041.0,france,46.00000000,2.00000000
프랑스,2014,약사,70123.0,france,46.00000000,2.00000000
프랑스,2014,치과의사,40908.0,france,46.00000000,2.00000000
프랑스,2015,의사,206710.0,france,46.00000000,2.00000000
프랑스,2015,약사,70241.0,france,46.00000000,2.00000000
프랑스,2015,치과의사,41238.0,france,46.00000000,2.00000000
프랑스,2016,의사,208266.0,france,46.00000000,2.00000000
프랑스,2016,약사,69855.0,france,46.00000000,2.00000000
프랑스,2016,치과의사,41664.0,france,46.00000000,2.00000000
프랑스,2017,의사,210038.0,france,46.00000000,2.00000000
프랑스,2017,약사,69282.0,france,46.00000000,2.00000000
프랑스,2017,치과의사,41737.0,france,46.00000000,2.00000000
프랑스,2018,의사,210567.0,france,46.00000000,2.00000000
프랑스,2018,약사,68988.0,france,46.00000000,2.00000000
프랑스,2018,치과의사,41846.0,france,46.00000000,2.00000000
프랑스,2019,의사,213201.0,france,46.00000000,2.00000000
프랑스,2019,약사,69078.0,france,46.00000000,2.00000000
프랑스,2019,치과의사,42559.0,france,46.00000000,2.00000000
독일,1998,의사,259441.0,germany,51.00000000,9.00000000
독일,1998,약사,47322.0,germany,51.00000000,9.00000000
독일,1998,치과의사,60411.0,germany,51.00000000,9.00000000
독일,1999,의사,262400.0,germany,51.00000000,9.00000000
독일,1999,약사,47920.0,germany,51.00000000,9.00000000
독일,1999,치과의사,60778.0,germany,51.00000000,9.00000000
독일,2000,의사,266869.0,germany,51.00000000,9.00000000
독일,2000,약사,47907.0,germany,51.00000000,9.00000000
독일,2000,치과의사,61462.0,germany,51.00000000,9.00000000
독일,2000,간호사,821000.0,germany,51.00000000,9.00000000
독일,2001,의사,271157.0,germany,51.00000000,9.00000000
독일,2001,약사,47692.0,germany,51.00000000,9.00000000
독일,2001,치과의사,61997.0,germany,51.00000000,9.00000000
독일,2001,간호사,829000.0,germany,51.00000000,9.00000000
독일,2002,의사,273961.0,germany,51.00000000,9.00000000
독일,2002,약사,48359.0,germany,51.00000000,9.00000000
독일,2002,치과의사,62256.0,germany,51.00000000,9.00000000
독일,2002,간호사,840000.0,germany,51.00000000,9.00000000
독일,2003,의사,276643.0,germany,51.00000000,9.00000000
독일,2003,약사,47956.0,germany,51.00000000,9.00000000
독일,2003,치과의사,62972.0,germany,51.00000000,9.00000000
독일,2003,간호사,857000.0,germany,51.00000000,9.00000000
독일,2004,의사,278444.0,germany,51.00000000,9.00000000
독일,2004,약사,47830.0,germany,51.00000000,9.00000000
독일,2004,치과의사,63424.0,germany,51.00000000,9.00000000
독일,2004,간호사,866000.0,germany,51.00000000,9.00000000
독일,2005,의사,280012.0,germany,51.00000000,9.00000000
독일,2005,약사,48058.0,germany,51.00000000,9.00000000
독일,2005,치과의사,63620.0,germany,51.00000000,9.00000000
독일,2005,간호사,878000.0,germany,51.00000000,9.00000000
독일,2006,의사,283102.0,germany,51.00000000,9.00000000
독일,2006,약사,48724.0,germany,51.00000000,9.00000000
독일,2006,치과의사,63859.0,germany,51.00000000,9.00000000
독일,2006,간호사,887000.0,germany,51.00000000,9.00000000
독일,2007,의사,286803.0,germany,51.00000000,9.00000000
독일,2007,약사,49528.0,germany,51.00000000,9.00000000
독일,2007,치과의사,64366.0,germany,51.00000000,9.00000000
독일,2007,간호사,898000.0,germany,51.00000000,9.00000000
독일,2008,의사,290723.0,germany,51.00000000,9.00000000
독일,2008,약사,49904.0,germany,51.00000000,9.00000000
독일,2008,치과의사,64938.0,germany,51.00000000,9.00000000
독일,2008,간호사,914000.0,germany,51.00000000,9.00000000
독일,2009,의사,296400.0,germany,51.00000000,9.00000000
독일,2009,약사,49892.0,germany,51.00000000,9.00000000
독일,2009,치과의사,65726.0,germany,51.00000000,9.00000000
독일,2009,간호사,935000.0,germany,51.00000000,9.00000000
독일,2010,의사,303645.0,germany,51.00000000,9.00000000
독일,2010,약사,50604.0,germany,51.00000000,9.00000000
독일,2010,치과의사,66427.0,germany,51.00000000,9.00000000
독일,2010,간호사,942000.0,germany,51.00000000,9.00000000
독일,2011,의사,311223.0,germany,51.00000000,9.00000000
독일,2011,약사,50656.0,germany,51.00000000,9.00000000
독일,2011,치과의사,66974.0,germany,51.00000000,9.00000000
독일,2011,간호사,953000.0,germany,51.00000000,9.00000000
독일,2012,의사,317390.0,germany,51.00000000,9.00000000
독일,2012,약사,50456.0,germany,51.00000000,9.00000000
독일,2012,치과의사,67812.0,germany,51.00000000,9.00000000
독일,2012,간호사,962000.0,germany,51.00000000,9.00000000
독일,2013,의사,325407.0,germany,51.00000000,9.00000000
독일,2013,약사,51431.0,germany,51.00000000,9.00000000
독일,2013,치과의사,68329.0,germany,51.00000000,9.00000000
독일,2013,간호사,995000.0,germany,51.00000000,9.00000000
독일,2014,의사,332695.0,germany,51.00000000,9.00000000
독일,2014,약사,52004.0,germany,51.00000000,9.00000000
독일,2014,치과의사,69216.0,germany,51.00000000,9.00000000
독일,2014,간호사,1016000.0,germany,51.00000000,9.00000000
독일,2015,의사,338129.0,germany,51.00000000,9.00000000
독일,2015,약사,52568.0,germany,51.00000000,9.00000000
독일,2015,치과의사,69971.0,germany,51.00000000,9.00000000
독일,2015,간호사,1033000.0,germany,51.00000000,9.00000000
독일,2016,의사,344755.0,germany,51.00000000,9.00000000
독일,2016,약사,52430.0,germany,51.00000000,9.00000000
독일,2016,치과의사,70500.0,germany,51.00000000,9.00000000
독일,2016,간호사,1056000.0,germany,51.00000000,9.00000000
독일,2017,의사,351195.0,germany,51.00000000,9.00000000
독일,2017,약사,53480.0,germany,51.00000000,9.00000000
독일,2017,치과의사,70786.0,germany,51.00000000,9.00000000
독일,2017,간호사,1085000.0,germany,51.00000000,9.00000000
독일,2018,의사,357401.0,germany,51.00000000,9.00000000
독일,2018,약사,54493.0,germany,51.00000000,9.00000000
독일,2018,치과의사,71093.0,germany,51.00000000,9.00000000
독일,2018,간호사,1145000.0,germany,51.00000000,9.00000000
독일,2019,의사,365100.0,germany,51.00000000,9.00000000
독일,2019,약사,55415.0,germany,51.00000000,9.00000000
독일,2019,치과의사,71040.0,germany,51.00000000,9.00000000
독일,2019,간호사,1159000.0,germany,51.00000000,9.00000000
독일,2020,의사,371562.0,germany,51.00000000,9.00000000
그리스,1999,간호사,28452.0,greece,39.00000000,22.00000000
그리스,2000,간호사,29704.0,greece,39.00000000,22.00000000
그리스,2001,간호사,32068.0,greece,39.00000000,22.00000000
그리스,2002,간호사,36063.0,greece,39.00000000,22.00000000
그리스,2003,간호사,36319.0,greece,39.00000000,22.00000000
그리스,2004,간호사,36133.0,greece,39.00000000,22.00000000
그리스,2005,간호사,36666.0,greece,39.00000000,22.00000000
그리스,2006,간호사,35797.0,greece,39.00000000,22.00000000
그리스,2007,간호사,35658.0,greece,39.00000000,22.00000000
그리스,2008,간호사,36197.0,greece,39.00000000,22.00000000
그리스,2009,간호사,37306.0,greece,39.00000000,22.00000000
그리스,2010,간호사,38422.0,greece,39.00000000,22.00000000
그리스,2011,간호사,38530.0,greece,39.00000000,22.00000000
그리스,2012,간호사,36883.0,greece,39.00000000,22.00000000
그리스,2013,간호사,36103.0,greece,39.00000000,22.00000000
그리스,2014,간호사,35223.0,greece,39.00000000,22.00000000
그리스,2015,간호사,34718.0,greece,39.00000000,22.00000000
그리스,2016,간호사,35019.0,greece,39.00000000,22.00000000
그리스,2017,간호사,35592.0,greece,39.00000000,22.00000000
그리스,2018,간호사,36118.0,greece,39.00000000,22.00000000
그리스,2019,간호사,36251.0,greece,39.00000000,22.00000000
헝가리,1998,의사,31638.0,hungary,47.00000000,20.00000000
헝가리,1998,약사,4789.0,hungary,47.00000000,20.00000000
헝가리,1998,치과의사,4505.0,hungary,47.00000000,20.00000000
헝가리,1998,간호사,56150.0,hungary,47.00000000,20.00000000
헝가리,1999,의사,31775.0,hungary,47.00000000,20.00000000
헝가리,1999,약사,4762.0,hungary,47.00000000,20.00000000
헝가리,1999,치과의사,4611.0,hungary,47.00000000,20.00000000
헝가리,1999,간호사,54997.0,hungary,47.00000000,20.00000000
헝가리,2000,의사,27390.0,hungary,47.00000000,20.00000000
헝가리,2000,약사,4905.0,hungary,47.00000000,20.00000000
헝가리,2000,치과의사,3305.0,hungary,47.00000000,20.00000000
헝가리,2000,간호사,53880.0,hungary,47.00000000,20.00000000
헝가리,2001,의사,29448.0,hungary,47.00000000,20.00000000
헝가리,2001,약사,5024.0,hungary,47.00000000,20.00000000
헝가리,2001,치과의사,3640.0,hungary,47.00000000,20.00000000
헝가리,2001,간호사,56237.0,hungary,47.00000000,20.00000000
헝가리,2002,의사,32452.0,hungary,47.00000000,20.00000000
헝가리,2002,약사,5070.0,hungary,47.00000000,20.00000000
헝가리,2002,치과의사,4843.0,hungary,47.00000000,20.00000000
헝가리,2002,간호사,57721.0,hungary,47.00000000,20.00000000
헝가리,2003,의사,32889.0,hungary,47.00000000,20.00000000
헝가리,2003,약사,5125.0,hungary,47.00000000,20.00000000
헝가리,2003,치과의사,5352.0,hungary,47.00000000,20.00000000
헝가리,2003,간호사,58457.0,hungary,47.00000000,20.00000000
헝가리,2004,의사,33727.0,hungary,47.00000000,20.00000000
헝가리,2004,약사,5156.0,hungary,47.00000000,20.00000000
헝가리,2004,치과의사,5150.0,hungary,47.00000000,20.00000000
헝가리,2004,간호사,58399.0,hungary,47.00000000,20.00000000
헝가리,2005,의사,28055.0,hungary,47.00000000,20.00000000
헝가리,2005,약사,5313.0,hungary,47.00000000,20.00000000
헝가리,2005,치과의사,4508.0,hungary,47.00000000,20.00000000
헝가리,2005,간호사,59992.0,hungary,47.00000000,20.00000000
헝가리,2006,의사,30575.0,hungary,47.00000000,20.00000000
헝가리,2006,약사,5364.0,hungary,47.00000000,20.00000000
헝가리,2006,치과의사,4997.0,hungary,47.00000000,20.00000000
헝가리,2006,간호사,62414.0,hungary,47.00000000,20.00000000
헝가리,2007,의사,28189.0,hungary,47.00000000,20.00000000
헝가리,2007,약사,5483.0,hungary,47.00000000,20.00000000
헝가리,2007,치과의사,4013.0,hungary,47.00000000,20.00000000
헝가리,2007,간호사,59829.0,hungary,47.00000000,20.00000000
헝가리,2008,의사,31024.0,hungary,47.00000000,20.00000000
헝가리,2008,약사,5773.0,hungary,47.00000000,20.00000000
헝가리,2008,치과의사,5064.0,hungary,47.00000000,20.00000000
헝가리,2008,간호사,61783.0,hungary,47.00000000,20.00000000
헝가리,2009,의사,30276.0,hungary,47.00000000,20.00000000
헝가리,2009,약사,5731.0,hungary,47.00000000,20.00000000
헝가리,2009,치과의사,4920.0,hungary,47.00000000,20.00000000
헝가리,2009,간호사,62272.0,hungary,47.00000000,20.00000000
헝가리,2010,의사,28686.0,hungary,47.00000000,20.00000000
헝가리,2010,약사,5821.0,hungary,47.00000000,20.00000000
헝가리,2010,치과의사,5257.0,hungary,47.00000000,20.00000000
헝가리,2010,간호사,62088.0,hungary,47.00000000,20.00000000
헝가리,2011,의사,29500.0,hungary,47.00000000,20.00000000
헝가리,2011,약사,5741.0,hungary,47.00000000,20.00000000
헝가리,2011,치과의사,5236.0,hungary,47.00000000,20.00000000
헝가리,2011,간호사,61915.0,hungary,47.00000000,20.00000000
헝가리,2012,의사,30641.0,hungary,47.00000000,20.00000000
헝가리,2012,약사,5683.0,hungary,47.00000000,20.00000000
헝가리,2012,치과의사,5609.0,hungary,47.00000000,20.00000000
헝가리,2012,간호사,62742.0,hungary,47.00000000,20.00000000
헝가리,2013,의사,31748.0,hungary,47.00000000,20.00000000
헝가리,2013,약사,7524.0,hungary,47.00000000,20.00000000
헝가리,2013,치과의사,5963.0,hungary,47.00000000,20.00000000
헝가리,2013,간호사,63589.0,hungary,47.00000000,20.00000000
헝가리,2014,의사,32791.0,hungary,47.00000000,20.00000000
헝가리,2014,약사,7594.0,hungary,47.00000000,20.00000000
헝가리,2014,치과의사,6203.0,hungary,47.00000000,20.00000000
헝가리,2014,간호사,63289.0,hungary,47.00000000,20.00000000
헝가리,2015,의사,30486.0,hungary,47.00000000,20.00000000
헝가리,2015,약사,7039.0,hungary,47.00000000,20.00000000
헝가리,2015,치과의사,5936.0,hungary,47.00000000,20.00000000
헝가리,2015,간호사,63673.0,hungary,47.00000000,20.00000000
헝가리,2016,의사,31515.0,hungary,47.00000000,20.00000000
헝가리,2016,약사,7353.0,hungary,47.00000000,20.00000000
헝가리,2016,치과의사,6083.0,hungary,47.00000000,20.00000000
헝가리,2016,간호사,63158.0,hungary,47.00000000,20.00000000
헝가리,2017,의사,32543.0,hungary,47.00000000,20.00000000
헝가리,2017,약사,7557.0,hungary,47.00000000,20.00000000
헝가리,2017,치과의사,6589.0,hungary,47.00000000,20.00000000
헝가리,2017,간호사,63739.0,hungary,47.00000000,20.00000000
헝가리,2018,의사,33078.0,hungary,47.00000000,20.00000000
헝가리,2018,약사,7842.0,hungary,47.00000000,20.00000000
헝가리,2018,치과의사,6870.0,hungary,47.00000000,20.00000000
헝가리,2018,간호사,64695.0,hungary,47.00000000,20.00000000
헝가리,2019,의사,34137.0,hungary,47.00000000,20.00000000
헝가리,2019,약사,8123.0,hungary,47.00000000,20.00000000
헝가리,2019,치과의사,7145.0,hungary,47.00000000,20.00000000
헝가리,2019,간호사,64722.0,hungary,47.00000000,20.00000000
아이슬란드,1998,의사,909.0,iceland,65.00000000,-18.00000000
아이슬란드,1998,치과의사,271.0,iceland,65.00000000,-18.00000000
아이슬란드,1998,간호사,3701.0,iceland,65.00000000,-18.00000000
아이슬란드,1999,의사,938.0,iceland,65.00000000,-18.00000000
아이슬란드,1999,치과의사,278.0,iceland,65.00000000,-18.00000000
아이슬란드,1999,간호사,3717.0,iceland,65.00000000,-18.00000000
아이슬란드,2000,의사,968.0,iceland,65.00000000,-18.00000000
아이슬란드,2000,치과의사,283.0,iceland,65.00000000,-18.00000000
아이슬란드,2000,간호사,3728.0,iceland,65.00000000,-18.00000000
아이슬란드,2001,의사,990.0,iceland,65.00000000,-18.00000000
아이슬란드,2001,치과의사,285.0,iceland,65.00000000,-18.00000000
아이슬란드,2001,간호사,3745.0,iceland,65.00000000,-18.00000000
아이슬란드,2002,의사,1029.0,iceland,65.00000000,-18.00000000
아이슬란드,2002,치과의사,288.0,iceland,65.00000000,-18.00000000
아이슬란드,2002,간호사,3816.0,iceland,65.00000000,-18.00000000
아이슬란드,2003,의사,1047.0,iceland,65.00000000,-18.00000000
아이슬란드,2003,치과의사,288.0,iceland,65.00000000,-18.00000000
아이슬란드,2003,간호사,3948.0,iceland,65.00000000,-18.00000000
아이슬란드,2004,의사,1056.0,iceland,65.00000000,-18.00000000
아이슬란드,2004,치과의사,287.0,iceland,65.00000000,-18.00000000
아이슬란드,2004,간호사,3999.0,iceland,65.00000000,-18.00000000
아이슬란드,2005,의사,1072.0,iceland,65.00000000,-18.00000000
아이슬란드,2005,치과의사,289.0,iceland,65.00000000,-18.00000000
아이슬란드,2005,간호사,4146.0,iceland,65.00000000,-18.00000000
아이슬란드,2006,의사,1095.0,iceland,65.00000000,-18.00000000
아이슬란드,2006,치과의사,286.0,iceland,65.00000000,-18.00000000
아이슬란드,2006,간호사,4167.0,iceland,65.00000000,-18.00000000
아이슬란드,2007,의사,1126.0,iceland,65.00000000,-18.00000000
아이슬란드,2007,약사,160.0,iceland,65.00000000,-18.00000000
아이슬란드,2007,치과의사,294.0,iceland,65.00000000,-18.00000000
아이슬란드,2007,간호사,4361.0,iceland,65.00000000,-18.00000000
아이슬란드,2008,의사,1156.0,iceland,65.00000000,-18.00000000
아이슬란드,2008,약사,164.0,iceland,65.00000000,-18.00000000
아이슬란드,2008,치과의사,301.0,iceland,65.00000000,-18.00000000
아이슬란드,2008,간호사,4726.0,iceland,65.00000000,-18.00000000
아이슬란드,2009,의사,1162.0,iceland,65.00000000,-18.00000000
아이슬란드,2009,약사,163.0,iceland,65.00000000,-18.00000000
아이슬란드,2009,치과의사,294.0,iceland,65.00000000,-18.00000000
아이슬란드,2009,간호사,4871.0,iceland,65.00000000,-18.00000000
아이슬란드,2010,의사,1142.0,iceland,65.00000000,-18.00000000
아이슬란드,2010,약사,155.0,iceland,65.00000000,-18.00000000
아이슬란드,2010,치과의사,299.0,iceland,65.00000000,-18.00000000
아이슬란드,2010,간호사,4625.0,iceland,65.00000000,-18.00000000
아이슬란드,2011,의사,1118.0,iceland,65.00000000,-18.00000000
아이슬란드,2011,약사,157.0,iceland,65.00000000,-18.00000000
아이슬란드,2011,치과의사,283.0,iceland,65.00000000,-18.00000000
아이슬란드,2011,간호사,4728.0,iceland,65.00000000,-18.00000000
아이슬란드,2012,의사,1142.0,iceland,65.00000000,-18.00000000
아이슬란드,2012,약사,149.0,iceland,65.00000000,-18.00000000
아이슬란드,2012,치과의사,270.0,iceland,65.00000000,-18.00000000
아이슬란드,2012,간호사,4863.0,iceland,65.00000000,-18.00000000
아이슬란드,2013,의사,1168.0,iceland,65.00000000,-18.00000000
아이슬란드,2013,약사,153.0,iceland,65.00000000,-18.00000000
아이슬란드,2013,치과의사,272.0,iceland,65.00000000,-18.00000000
아이슬란드,2013,간호사,5003.0,iceland,65.00000000,-18.00000000
아이슬란드,2014,의사,1193.0,iceland,65.00000000,-18.00000000
아이슬란드,2014,약사,153.0,iceland,65.00000000,-18.00000000
아이슬란드,2014,치과의사,274.0,iceland,65.00000000,-18.00000000
아이슬란드,2014,간호사,5019.0,iceland,65.00000000,-18.00000000
아이슬란드,2015,의사,1249.0,iceland,65.00000000,-18.00000000
아이슬란드,2015,약사,160.0,iceland,65.00000000,-18.00000000
아이슬란드,2015,치과의사,278.0,iceland,65.00000000,-18.00000000
아이슬란드,2015,간호사,5112.0,iceland,65.00000000,-18.00000000
아이슬란드,2016,의사,1292.0,iceland,65.00000000,-18.00000000
아이슬란드,2016,약사,166.0,iceland,65.00000000,-18.00000000
아이슬란드,2016,치과의사,278.0,iceland,65.00000000,-18.00000000
아이슬란드,2016,간호사,4770.0,iceland,65.00000000,-18.00000000
아이슬란드,2017,의사,1330.0,iceland,65.00000000,-18.00000000
아이슬란드,2017,약사,171.0,iceland,65.00000000,-18.00000000
아이슬란드,2017,치과의사,279.0,iceland,65.00000000,-18.00000000
아이슬란드,2017,간호사,4978.0,iceland,65.00000000,-18.00000000
아이슬란드,2018,의사,1373.0,iceland,65.00000000,-18.00000000
아이슬란드,2018,약사,182.0,iceland,65.00000000,-18.00000000
아이슬란드,2018,치과의사,289.0,iceland,65.00000000,-18.00000000
아이슬란드,2018,간호사,5174.0,iceland,65.00000000,-18.00000000
아이슬란드,2019,의사,1404.0,iceland,65.00000000,-18.00000000
아이슬란드,2019,약사,194.0,iceland,65.00000000,-18.00000000
아이슬란드,2019,치과의사,285.0,iceland,65.00000000,-18.00000000
아이슬란드,2019,간호사,5539.0,iceland,65.00000000,-18.00000000
아이슬란드,2020,약사,208.0,iceland,65.00000000,-18.00000000
아이슬란드,2020,치과의사,290.0,iceland,65.00000000,-18.00000000
아이슬란드,2020,간호사,5727.0,iceland,65.00000000,-18.00000000
아일랜드,2011,의사,12215.0,ireland,53.00000000,-8.00000000
아일랜드,2012,의사,12450.0,ireland,53.00000000,-8.00000000
아일랜드,2013,의사,12367.0,ireland,53.00000000,-8.00000000
아일랜드,2014,의사,14029.0,ireland,53.00000000,-8.00000000
아일랜드,2015,의사,14666.0,ireland,53.00000000,-8.00000000
아일랜드,2016,의사,15178.0,ireland,53.00000000,-8.00000000
아일랜드,2017,의사,15660.0,ireland,53.00000000,-8.00000000
아일랜드,2018,의사,15962.0,ireland,53.00000000,-8.00000000
아일랜드,2019,의사,16366.0,ireland,53.00000000,-8.00000000
아일랜드,2019,약사,5299.0,ireland,53.00000000,-8.00000000
아일랜드,2020,의사,17231.0,ireland,53.00000000,-8.00000000
이탈리아,2000,의사,196074.0,italy,42.83333333,12.83333333
이탈리아,2001,의사,199794.0,italy,42.83333333,12.83333333
이탈리아,2002,의사,203479.0,italy,42.83333333,12.83333333
이탈리아,2003,의사,208093.0,italy,42.83333333,12.83333333
이탈리아,2003,간호사,300365.0,italy,42.83333333,12.83333333
이탈리아,2004,의사,213302.0,italy,42.83333333,12.83333333
이탈리아,2004,간호사,295232.0,italy,42.83333333,12.83333333
이탈리아,2005,의사,215739.0,italy,42.83333333,12.83333333
이탈리아,2005,간호사,288412.0,italy,42.83333333,12.83333333
이탈리아,2006,의사,216519.0,italy,42.83333333,12.83333333
이탈리아,2006,간호사,298849.0,italy,42.83333333,12.83333333
이탈리아,2007,의사,221782.0,italy,42.83333333,12.83333333
이탈리아,2007,간호사,307700.0,italy,42.83333333,12.83333333
이탈리아,2008,의사,222761.0,italy,42.83333333,12.83333333
이탈리아,2008,간호사,309323.0,italy,42.83333333,12.83333333
이탈리아,2009,의사,223997.0,italy,42.83333333,12.83333333
이탈리아,2009,간호사,310530.0,italy,42.83333333,12.83333333
이탈리아,2010,의사,226384.0,italy,42.83333333,12.83333333
이탈리아,2010,간호사,310005.0,italy,42.83333333,12.83333333
이탈리아,2011,의사,231481.0,italy,42.83333333,12.83333333
이탈리아,2011,간호사,308902.0,italy,42.83333333,12.83333333
이탈리아,2012,의사,230621.0,italy,42.83333333,12.83333333
이탈리아,2012,간호사,304197.0,italy,42.83333333,12.83333333
이탈리아,2013,의사,234918.0,italy,42.83333333,12.83333333
이탈리아,2013,약사,68474.0,italy,42.83333333,12.83333333
이탈리아,2013,치과의사,47038.0,italy,42.83333333,12.83333333
이탈리아,2013,간호사,306044.0,italy,42.83333333,12.83333333
이탈리아,2014,의사,235889.0,italy,42.83333333,12.83333333
이탈리아,2014,약사,70277.0,italy,42.83333333,12.83333333
이탈리아,2014,치과의사,47610.0,italy,42.83333333,12.83333333
이탈리아,2014,간호사,320705.0,italy,42.83333333,12.83333333
이탈리아,2015,의사,233102.0,italy,42.83333333,12.83333333
이탈리아,2015,약사,69939.0,italy,42.83333333,12.83333333
이탈리아,2015,치과의사,47604.0,italy,42.83333333,12.83333333
이탈리아,2015,간호사,330602.0,italy,42.83333333,12.83333333
이탈리아,2016,의사,239642.0,italy,42.83333333,12.83333333
이탈리아,2016,약사,70074.0,italy,42.83333333,12.83333333
이탈리아,2016,치과의사,48559.0,italy,42.83333333,12.83333333
이탈리아,2016,간호사,337515.0,italy,42.83333333,12.83333333
이탈리아,2017,의사,241512.0,italy,42.83333333,12.83333333
이탈리아,2017,약사,70934.0,italy,42.83333333,12.83333333
이탈리아,2017,치과의사,49552.0,italy,42.83333333,12.83333333
이탈리아,2017,간호사,351008.0,italy,42.83333333,12.83333333
이탈리아,2018,의사,240301.0,italy,42.83333333,12.83333333
이탈리아,2018,약사,71953.0,italy,42.83333333,12.83333333
이탈리아,2018,치과의사,50305.0,italy,42.83333333,12.83333333
이탈리아,2018,간호사,346947.0,italy,42.83333333,12.83333333
이탈리아,2019,의사,241945.0,italy,42.83333333,12.83333333
이탈리아,2019,약사,75000.0,italy,42.83333333,12.83333333
이탈리아,2019,치과의사,51954.0,italy,42.83333333,12.83333333
이탈리아,2019,간호사,367684.0,italy,42.83333333,12.83333333
이탈리아,2020,의사,238688.0,italy,42.83333333,12.83333333
이탈리아,2020,약사,73445.0,italy,42.83333333,12.83333333
이탈리아,2020,치과의사,51061.0,italy,42.83333333,12.83333333
이탈리아,2020,간호사,362061.0,italy,42.83333333,12.83333333
라트비아,1998,의사,6602.0,latvia,57.00000000,25.00000000
라트비아,1998,치과의사,997.0,latvia,57.00000000,25.00000000
라트비아,1998,간호사,10761.0,latvia,57.00000000,25.00000000
라트비아,1999,의사,6495.0,latvia,57.00000000,25.00000000
라트비아,1999,치과의사,1122.0,latvia,57.00000000,25.00000000
라트비아,1999,간호사,11140.0,latvia,57.00000000,25.00000000
라트비아,2000,의사,6819.0,latvia,57.00000000,25.00000000
라트비아,2000,치과의사,1237.0,latvia,57.00000000,25.00000000
라트비아,2000,간호사,10842.0,latvia,57.00000000,25.00000000
라트비아,2001,의사,6281.0,latvia,57.00000000,25.00000000
라트비아,2001,치과의사,1240.0,latvia,57.00000000,25.00000000
라트비아,2001,간호사,10548.0,latvia,57.00000000,25.00000000
라트비아,2002,의사,6443.0,latvia,57.00000000,25.00000000
라트비아,2002,치과의사,1261.0,latvia,57.00000000,25.00000000
라트비아,2002,간호사,10543.0,latvia,57.00000000,25.00000000
라트비아,2003,의사,6478.0,latvia,57.00000000,25.00000000
라트비아,2003,약사,1273.0,latvia,57.00000000,25.00000000
라트비아,2003,치과의사,1273.0,latvia,57.00000000,25.00000000
라트비아,2003,간호사,10791.0,latvia,57.00000000,25.00000000
라트비아,2004,의사,6603.0,latvia,57.00000000,25.00000000
라트비아,2004,약사,1240.0,latvia,57.00000000,25.00000000
라트비아,2004,치과의사,1367.0,latvia,57.00000000,25.00000000
라트비아,2004,간호사,11035.0,latvia,57.00000000,25.00000000
라트비아,2005,의사,6628.0,latvia,57.00000000,25.00000000
라트비아,2005,약사,1279.0,latvia,57.00000000,25.00000000
라트비아,2005,치과의사,1421.0,latvia,57.00000000,25.00000000
라트비아,2005,간호사,11204.0,latvia,57.00000000,25.00000000
라트비아,2006,의사,6719.0,latvia,57.00000000,25.00000000
라트비아,2006,약사,1343.0,latvia,57.00000000,25.00000000
라트비아,2006,치과의사,1441.0,latvia,57.00000000,25.00000000
라트비아,2006,간호사,12441.0,latvia,57.00000000,25.00000000
라트비아,2007,의사,6916.0,latvia,57.00000000,25.00000000
라트비아,2007,약사,1260.0,latvia,57.00000000,25.00000000
라트비아,2007,치과의사,1463.0,latvia,57.00000000,25.00000000
라트비아,2007,간호사,12174.0,latvia,57.00000000,25.00000000
라트비아,2008,의사,7040.0,latvia,57.00000000,25.00000000
라트비아,2008,약사,1340.0,latvia,57.00000000,25.00000000
라트비아,2008,치과의사,1515.0,latvia,57.00000000,25.00000000
라트비아,2008,간호사,12090.0,latvia,57.00000000,25.00000000
라트비아,2009,의사,6753.0,latvia,57.00000000,25.00000000
라트비아,2009,약사,1362.0,latvia,57.00000000,25.00000000
라트비아,2009,치과의사,1510.0,latvia,57.00000000,25.00000000
라트비아,2009,간호사,10484.0,latvia,57.00000000,25.00000000
라트비아,2010,의사,6517.0,latvia,57.00000000,25.00000000
라트비아,2010,약사,1433.0,latvia,57.00000000,25.00000000
라트비아,2010,치과의사,1488.0,latvia,57.00000000,25.00000000
라트비아,2010,간호사,10514.0,latvia,57.00000000,25.00000000
라트비아,2011,의사,6456.0,latvia,57.00000000,25.00000000
라트비아,2011,약사,1358.0,latvia,57.00000000,25.00000000
라트비아,2011,치과의사,1456.0,latvia,57.00000000,25.00000000
라트비아,2011,간호사,10206.0,latvia,57.00000000,25.00000000
라트비아,2012,의사,6396.0,latvia,57.00000000,25.00000000
라트비아,2012,약사,1402.0,latvia,57.00000000,25.00000000
라트비아,2012,치과의사,1445.0,latvia,57.00000000,25.00000000
라트비아,2012,간호사,9887.0,latvia,57.00000000,25.00000000
라트비아,2013,의사,6423.0,latvia,57.00000000,25.00000000
라트비아,2013,약사,1612.0,latvia,57.00000000,25.00000000
라트비아,2013,치과의사,1459.0,latvia,57.00000000,25.00000000
라트비아,2013,간호사,9831.0,latvia,57.00000000,25.00000000
라트비아,2014,의사,6412.0,latvia,57.00000000,25.00000000
라트비아,2014,약사,1548.0,latvia,57.00000000,25.00000000
라트비아,2014,치과의사,1400.0,latvia,57.00000000,25.00000000
라트비아,2014,간호사,9619.0,latvia,57.00000000,25.00000000
라트비아,2015,의사,6324.0,latvia,57.00000000,25.00000000
라트비아,2015,약사,1574.0,latvia,57.00000000,25.00000000
라트비아,2015,치과의사,1419.0,latvia,57.00000000,25.00000000
라트비아,2015,간호사,9263.0,latvia,57.00000000,25.00000000
라트비아,2016,의사,6295.0,latvia,57.00000000,25.00000000
라트비아,2016,약사,1643.0,latvia,57.00000000,25.00000000
라트비아,2016,치과의사,1411.0,latvia,57.00000000,25.00000000
라트비아,2016,간호사,9086.0,latvia,57.00000000,25.00000000
라트비아,2017,의사,6225.0,latvia,57.00000000,25.00000000
라트비아,2017,약사,1850.0,latvia,57.00000000,25.00000000
라트비아,2017,치과의사,1380.0,latvia,57.00000000,25.00000000
라트비아,2017,간호사,8872.0,latvia,57.00000000,25.00000000
라트비아,2018,의사,6367.0,latvia,57.00000000,25.00000000
라트비아,2018,약사,1650.0,latvia,57.00000000,25.00000000
라트비아,2018,치과의사,1361.0,latvia,57.00000000,25.00000000
라트비아,2018,간호사,8392.0,latvia,57.00000000,25.00000000
라트비아,2019,의사,6253.0,latvia,57.00000000,25.00000000
라트비아,2019,약사,1613.0,latvia,57.00000000,25.00000000
라트비아,2019,치과의사,1364.0,latvia,57.00000000,25.00000000
라트비아,2019,간호사,8402.0,latvia,57.00000000,25.00000000
라트비아,2020,약사,1644.0,latvia,57.00000000,25.00000000
룩셈부르크,1998,의사,1037.0,luxembourg,49.75000000,6.16666666
룩셈부르크,1998,약사,262.0,luxembourg,49.75000000,6.16666666
룩셈부르크,1998,치과의사,262.0,luxembourg,49.75000000,6.16666666
룩셈부르크,1998,간호사,3079.0,luxembourg,49.75000000,6.16666666
룩셈부르크,1999,의사,1073.0,luxembourg,49.75000000,6.16666666
룩셈부르크,1999,약사,276.0,luxembourg,49.75000000,6.16666666
룩셈부르크,1999,치과의사,269.0,luxembourg,49.75000000,6.16666666
룩셈부르크,1999,간호사,3147.0,luxembourg,49.75000000,6.16666666
룩셈부르크,2000,의사,938.0,luxembourg,49.75000000,6.16666666
룩셈부르크,2000,약사,280.0,luxembourg,49.75000000,6.16666666
룩셈부르크,2000,치과의사,260.0,luxembourg,49.75000000,6.16666666
룩셈부르크,2000,간호사,3220.0,luxembourg,49.75000000,6.16666666
룩셈부르크,2001,의사,976.0,luxembourg,49.75000000,6.16666666
룩셈부르크,2001,약사,295.0,luxembourg,49.75000000,6.16666666
룩셈부르크,2001,치과의사,275.0,luxembourg,49.75000000,6.16666666
룩셈부르크,2001,간호사,3296.0,luxembourg,49.75000000,6.16666666
룩셈부르크,2002,의사,1007.0,luxembourg,49.75000000,6.16666666
룩셈부르크,2002,약사,310.0,luxembourg,49.75000000,6.16666666
룩셈부르크,2002,치과의사,288.0,luxembourg,49.75000000,6.16666666
룩셈부르크,2002,간호사,3464.0,luxembourg,49.75000000,6.16666666
룩셈부르크,2003,의사,1074.0,luxembourg,49.75000000,6.16666666
룩셈부르크,2003,약사,321.0,luxembourg,49.75000000,6.16666666
룩셈부르크,2003,치과의사,293.0,luxembourg,49.75000000,6.16666666
룩셈부르크,2003,간호사,4037.0,luxembourg,49.75000000,6.16666666
룩셈부르크,2004,의사,1110.0,luxembourg,49.75000000,6.16666666
룩셈부르크,2004,약사,321.0,luxembourg,49.75000000,6.16666666
룩셈부르크,2004,치과의사,354.0,luxembourg,49.75000000,6.16666666
룩셈부르크,2004,간호사,4166.0,luxembourg,49.75000000,6.16666666
룩셈부르크,2005,의사,1186.0,luxembourg,49.75000000,6.16666666
룩셈부르크,2005,약사,326.0,luxembourg,49.75000000,6.16666666
룩셈부르크,2005,치과의사,370.0,luxembourg,49.75000000,6.16666666
룩셈부르크,2005,간호사,5101.0,luxembourg,49.75000000,6.16666666
룩셈부르크,2006,의사,1232.0,luxembourg,49.75000000,6.16666666
룩셈부르크,2006,약사,336.0,luxembourg,49.75000000,6.16666666
룩셈부르크,2006,치과의사,375.0,luxembourg,49.75000000,6.16666666
룩셈부르크,2006,간호사,5171.0,luxembourg,49.75000000,6.16666666
룩셈부르크,2007,의사,1288.0,luxembourg,49.75000000,6.16666666
룩셈부르크,2007,약사,342.0,luxembourg,49.75000000,6.16666666
룩셈부르크,2007,치과의사,386.0,luxembourg,49.75000000,6.16666666
룩셈부르크,2008,의사,1327.0,luxembourg,49.75000000,6.16666666
룩셈부르크,2008,약사,344.0,luxembourg,49.75000000,6.16666666
룩셈부르크,2008,치과의사,398.0,luxembourg,49.75000000,6.16666666
룩셈부르크,2009,의사,1346.0,luxembourg,49.75000000,6.16666666
룩셈부르크,2009,약사,359.0,luxembourg,49.75000000,6.16666666
룩셈부르크,2009,치과의사,408.0,luxembourg,49.75000000,6.16666666
룩셈부르크,2009,간호사,5533.0,luxembourg,49.75000000,6.16666666
룩셈부르크,2010,의사,1404.0,luxembourg,49.75000000,6.16666666
룩셈부르크,2010,약사,374.0,luxembourg,49.75000000,6.16666666
룩셈부르크,2010,치과의사,422.0,luxembourg,49.75000000,6.16666666
룩셈부르크,2010,간호사,5602.0,luxembourg,49.75000000,6.16666666
룩셈부르크,2011,의사,1440.0,luxembourg,49.75000000,6.16666666
룩셈부르크,2011,약사,374.0,luxembourg,49.75000000,6.16666666
룩셈부르크,2011,치과의사,436.0,luxembourg,49.75000000,6.16666666
룩셈부르크,2011,간호사,5843.0,luxembourg,49.75000000,6.16666666
룩셈부르크,2012,의사,1490.0,luxembourg,49.75000000,6.16666666
룩셈부르크,2012,약사,380.0,luxembourg,49.75000000,6.16666666
룩셈부르크,2012,치과의사,441.0,luxembourg,49.75000000,6.16666666
룩셈부르크,2012,간호사,6329.0,luxembourg,49.75000000,6.16666666
룩셈부르크,2013,의사,1538.0,luxembourg,49.75000000,6.16666666
룩셈부르크,2013,약사,382.0,luxembourg,49.75000000,6.16666666
룩셈부르크,2013,치과의사,460.0,luxembourg,49.75000000,6.16666666
룩셈부르크,2013,간호사,6481.0,luxembourg,49.75000000,6.16666666
룩셈부르크,2014,의사,1603.0,luxembourg,49.75000000,6.16666666
룩셈부르크,2014,약사,382.0,luxembourg,49.75000000,6.16666666
룩셈부르크,2014,치과의사,476.0,luxembourg,49.75000000,6.16666666
룩셈부르크,2014,간호사,6657.0,luxembourg,49.75000000,6.16666666
룩셈부르크,2015,의사,1656.0,luxembourg,49.75000000,6.16666666
룩셈부르크,2015,약사,397.0,luxembourg,49.75000000,6.16666666
룩셈부르크,2015,치과의사,506.0,luxembourg,49.75000000,6.16666666
룩셈부르크,2015,간호사,6783.0,luxembourg,49.75000000,6.16666666
룩셈부르크,2016,의사,1683.0,luxembourg,49.75000000,6.16666666
룩셈부르크,2016,약사,406.0,luxembourg,49.75000000,6.16666666
룩셈부르크,2016,치과의사,550.0,luxembourg,49.75000000,6.16666666
룩셈부르크,2016,간호사,6836.0,luxembourg,49.75000000,6.16666666
룩셈부르크,2017,의사,1780.0,luxembourg,49.75000000,6.16666666
룩셈부르크,2017,약사,416.0,luxembourg,49.75000000,6.16666666
룩셈부르크,2017,치과의사,581.0,luxembourg,49.75000000,6.16666666
룩셈부르크,2017,간호사,6992.0,luxembourg,49.75000000,6.16666666
네덜란드,1998,약사,2806.0,netherlands,52.50000000,5.75000000
네덜란드,1999,약사,2441.0,netherlands,52.50000000,5.75000000
네덜란드,1999,치과의사,6130.0,netherlands,52.50000000,5.75000000
네덜란드,2000,약사,2473.0,netherlands,52.50000000,5.75000000
네덜란드,2000,치과의사,6255.0,netherlands,52.50000000,5.75000000
네덜란드,2001,약사,2601.0,netherlands,52.50000000,5.75000000
네덜란드,2001,치과의사,6365.0,netherlands,52.50000000,5.75000000
네덜란드,2002,약사,2693.0,netherlands,52.50000000,5.75000000
네덜란드,2002,치과의사,6450.0,netherlands,52.50000000,5.75000000
네덜란드,2002,간호사,126500.0,netherlands,52.50000000,5.75000000
네덜란드,2003,약사,2828.0,netherlands,52.50000000,5.75000000
네덜란드,2003,치과의사,6555.0,netherlands,52.50000000,5.75000000
네덜란드,2003,간호사,129800.0,netherlands,52.50000000,5.75000000
네덜란드,2004,약사,2898.0,netherlands,52.50000000,5.75000000
네덜란드,2004,치과의사,6615.0,netherlands,52.50000000,5.75000000
네덜란드,2004,간호사,132400.0,netherlands,52.50000000,5.75000000
네덜란드,2005,약사,2952.0,netherlands,52.50000000,5.75000000
네덜란드,2005,치과의사,6705.0,netherlands,52.50000000,5.75000000
네덜란드,2005,간호사,133700.0,netherlands,52.50000000,5.75000000
네덜란드,2006,약사,3156.0,netherlands,52.50000000,5.75000000
네덜란드,2006,치과의사,7045.0,netherlands,52.50000000,5.75000000
네덜란드,2006,간호사,134100.0,netherlands,52.50000000,5.75000000
네덜란드,2007,약사,3196.0,netherlands,52.50000000,5.75000000
네덜란드,2007,치과의사,7335.0,netherlands,52.50000000,5.75000000
네덜란드,2007,간호사,136000.0,netherlands,52.50000000,5.75000000
네덜란드,2008,약사,3176.0,netherlands,52.50000000,5.75000000
네덜란드,2008,치과의사,7395.0,netherlands,52.50000000,5.75000000
네덜란드,2008,간호사,138200.0,netherlands,52.50000000,5.75000000
네덜란드,2009,약사,3252.0,netherlands,52.50000000,5.75000000
네덜란드,2009,치과의사,7650.0,netherlands,52.50000000,5.75000000
네덜란드,2010,약사,3308.0,netherlands,52.50000000,5.75000000
네덜란드,2010,치과의사,7840.0,netherlands,52.50000000,5.75000000
네덜란드,2011,약사,3465.0,netherlands,52.50000000,5.75000000
네덜란드,2011,치과의사,8225.0,netherlands,52.50000000,5.75000000
네덜란드,2012,약사,3443.0,netherlands,52.50000000,5.75000000
네덜란드,2012,치과의사,8290.0,netherlands,52.50000000,5.75000000
네덜란드,2013,약사,3566.0,netherlands,52.50000000,5.75000000
네덜란드,2013,치과의사,8315.0,netherlands,52.50000000,5.75000000
네덜란드,2014,의사,57762.0,netherlands,52.50000000,5.75000000
네덜란드,2014,약사,3635.0,netherlands,52.50000000,5.75000000
네덜란드,2014,치과의사,8410.0,netherlands,52.50000000,5.75000000
네덜란드,2014,간호사,174285.0,netherlands,52.50000000,5.75000000
네덜란드,2015,의사,59144.0,netherlands,52.50000000,5.75000000
네덜란드,2015,약사,3599.0,netherlands,52.50000000,5.75000000
네덜란드,2015,치과의사,8730.0,netherlands,52.50000000,5.75000000
네덜란드,2015,간호사,178340.0,netherlands,52.50000000,5.75000000
네덜란드,2016,의사,60233.0,netherlands,52.50000000,5.75000000
네덜란드,2016,약사,3651.0,netherlands,52.50000000,5.75000000
네덜란드,2016,치과의사,8705.0,netherlands,52.50000000,5.75000000
네덜란드,2016,간호사,181685.0,netherlands,52.50000000,5.75000000
네덜란드,2017,의사,61730.0,netherlands,52.50000000,5.75000000
네덜란드,2017,약사,3571.0,netherlands,52.50000000,5.75000000
네덜란드,2017,치과의사,9435.0,netherlands,52.50000000,5.75000000
네덜란드,2017,간호사,187345.0,netherlands,52.50000000,5.75000000
네덜란드,2018,의사,63278.0,netherlands,52.50000000,5.75000000
네덜란드,2018,약사,3618.0,netherlands,52.50000000,5.75000000
네덜란드,2018,치과의사,9577.0,netherlands,52.50000000,5.75000000
네덜란드,2018,간호사,192263.0,netherlands,52.50000000,5.75000000
네덜란드,2019,의사,64438.0,netherlands,52.50000000,5.75000000
네덜란드,2019,약사,3714.0,netherlands,52.50000000,5.75000000
네덜란드,2019,치과의사,9561.0,netherlands,52.50000000,5.75000000
네덜란드,2019,간호사,185394.0,netherlands,52.50000000,5.75000000
노르웨이,1998,의사,14029.0,norway,62.00000000,10.00000000
노르웨이,1998,치과의사,3642.0,norway,62.00000000,10.00000000
노르웨이,1999,의사,14665.0,norway,62.00000000,10.00000000
노르웨이,1999,치과의사,3635.0,norway,62.00000000,10.00000000
노르웨이,2000,의사,15180.0,norway,62.00000000,10.00000000
노르웨이,2000,치과의사,3608.0,norway,62.00000000,10.00000000
노르웨이,2001,의사,15978.0,norway,62.00000000,10.00000000
노르웨이,2001,치과의사,3628.0,norway,62.00000000,10.00000000
노르웨이,2002,의사,14603.0,norway,62.00000000,10.00000000
노르웨이,2002,약사,2188.0,norway,62.00000000,10.00000000
노르웨이,2002,치과의사,3672.0,norway,62.00000000,10.00000000
노르웨이,2002,간호사,62338.0,norway,62.00000000,10.00000000
노르웨이,2003,의사,14746.0,norway,62.00000000,10.00000000
노르웨이,2003,약사,2311.0,norway,62.00000000,10.00000000
노르웨이,2003,치과의사,3711.0,norway,62.00000000,10.00000000
노르웨이,2003,간호사,64744.0,norway,62.00000000,10.00000000
노르웨이,2004,의사,15615.0,norway,62.00000000,10.00000000
노르웨이,2004,약사,2345.0,norway,62.00000000,10.00000000
노르웨이,2004,치과의사,3694.0,norway,62.00000000,10.00000000
노르웨이,2004,간호사,66986.0,norway,62.00000000,10.00000000
노르웨이,2005,의사,16473.0,norway,62.00000000,10.00000000
노르웨이,2005,약사,2426.0,norway,62.00000000,10.00000000
노르웨이,2005,치과의사,3899.0,norway,62.00000000,10.00000000
노르웨이,2005,간호사,69399.0,norway,62.00000000,10.00000000
노르웨이,2006,의사,17391.0,norway,62.00000000,10.00000000
노르웨이,2006,약사,2573.0,norway,62.00000000,10.00000000
노르웨이,2006,치과의사,4106.0,norway,62.00000000,10.00000000
노르웨이,2006,간호사,71479.0,norway,62.00000000,10.00000000
노르웨이,2007,의사,18102.0,norway,62.00000000,10.00000000
노르웨이,2007,약사,2684.0,norway,62.00000000,10.00000000
노르웨이,2007,치과의사,4106.0,norway,62.00000000,10.00000000
노르웨이,2007,간호사,72873.0,norway,62.00000000,10.00000000
노르웨이,2008,의사,18858.0,norway,62.00000000,10.00000000
노르웨이,2008,약사,2889.0,norway,62.00000000,10.00000000
노르웨이,2008,치과의사,4191.0,norway,62.00000000,10.00000000
노르웨이,2008,간호사,74309.0,norway,62.00000000,10.00000000
노르웨이,2009,의사,19546.0,norway,62.00000000,10.00000000
노르웨이,2009,약사,3016.0,norway,62.00000000,10.00000000
노르웨이,2009,치과의사,4192.0,norway,62.00000000,10.00000000
노르웨이,2009,간호사,76902.0,norway,62.00000000,10.00000000
노르웨이,2010,의사,20114.0,norway,62.00000000,10.00000000
노르웨이,2010,약사,3120.0,norway,62.00000000,10.00000000
노르웨이,2010,치과의사,4293.0,norway,62.00000000,10.00000000
노르웨이,2010,간호사,78857.0,norway,62.00000000,10.00000000
노르웨이,2011,의사,20744.0,norway,62.00000000,10.00000000
노르웨이,2011,약사,3196.0,norway,62.00000000,10.00000000
노르웨이,2011,치과의사,4380.0,norway,62.00000000,10.00000000
노르웨이,2011,간호사,81238.0,norway,62.00000000,10.00000000
노르웨이,2012,의사,21238.0,norway,62.00000000,10.00000000
노르웨이,2012,약사,3367.0,norway,62.00000000,10.00000000
노르웨이,2012,치과의사,4340.0,norway,62.00000000,10.00000000
노르웨이,2012,간호사,82939.0,norway,62.00000000,10.00000000
노르웨이,2013,의사,21874.0,norway,62.00000000,10.00000000
노르웨이,2013,약사,3506.0,norway,62.00000000,10.00000000
노르웨이,2013,치과의사,4434.0,norway,62.00000000,10.00000000
노르웨이,2013,간호사,84664.0,norway,62.00000000,10.00000000
노르웨이,2014,의사,22754.0,norway,62.00000000,10.00000000
노르웨이,2014,약사,3710.0,norway,62.00000000,10.00000000
노르웨이,2014,치과의사,4450.0,norway,62.00000000,10.00000000
노르웨이,2014,간호사,86764.0,norway,62.00000000,10.00000000
노르웨이,2015,의사,23104.0,norway,62.00000000,10.00000000
노르웨이,2015,약사,3868.0,norway,62.00000000,10.00000000
노르웨이,2015,치과의사,4578.0,norway,62.00000000,10.00000000
노르웨이,2015,간호사,89836.0,norway,62.00000000,10.00000000
노르웨이,2016,의사,23986.0,norway,62.00000000,10.00000000
노르웨이,2016,약사,4113.0,norway,62.00000000,10.00000000
노르웨이,2016,치과의사,4670.0,norway,62.00000000,10.00000000
노르웨이,2016,간호사,91487.0,norway,62.00000000,10.00000000
노르웨이,2017,의사,24986.0,norway,62.00000000,10.00000000
노르웨이,2017,약사,4251.0,norway,62.00000000,10.00000000
노르웨이,2017,치과의사,4740.0,norway,62.00000000,10.00000000
노르웨이,2017,간호사,93203.0,norway,62.00000000,10.00000000
노르웨이,2018,의사,25804.0,norway,62.00000000,10.00000000
노르웨이,2018,약사,4416.0,norway,62.00000000,10.00000000
노르웨이,2018,치과의사,4776.0,norway,62.00000000,10.00000000
노르웨이,2018,간호사,94096.0,norway,62.00000000,10.00000000
노르웨이,2019,의사,26572.0,norway,62.00000000,10.00000000
노르웨이,2019,약사,4591.0,norway,62.00000000,10.00000000
노르웨이,2019,치과의사,4845.0,norway,62.00000000,10.00000000
노르웨이,2019,간호사,95624.0,norway,62.00000000,10.00000000
노르웨이,2020,의사,27361.0,norway,62.00000000,10.00000000
노르웨이,2020,약사,4748.0,norway,62.00000000,10.00000000
노르웨이,2020,치과의사,4903.0,norway,62.00000000,10.00000000
노르웨이,2020,간호사,96900.0,norway,62.00000000,10.00000000
포르투갈,1999,약사,4111.0,portugal,39.50000000,-8.00000000
포르투갈,2000,약사,4250.0,portugal,39.50000000,-8.00000000
포르투갈,2001,약사,4450.0,portugal,39.50000000,-8.00000000
포르투갈,2002,약사,4675.0,portugal,39.50000000,-8.00000000
포르투갈,2003,약사,5118.0,portugal,39.50000000,-8.00000000
포르투갈,2004,약사,5458.0,portugal,39.50000000,-8.00000000
포르투갈,2005,약사,5735.0,portugal,39.50000000,-8.00000000
포르투갈,2006,약사,5959.0,portugal,39.50000000,-8.00000000
포르투갈,2007,약사,6290.0,portugal,39.50000000,-8.00000000
포르투갈,2008,약사,6931.0,portugal,39.50000000,-8.00000000
포르투갈,2009,약사,7467.0,portugal,39.50000000,-8.00000000
포르투갈,2010,약사,7674.0,portugal,39.50000000,-8.00000000
포르투갈,2011,약사,7930.0,portugal,39.50000000,-8.00000000
포르투갈,2012,약사,7744.0,portugal,39.50000000,-8.00000000
포르투갈,2013,약사,8068.0,portugal,39.50000000,-8.00000000
포르투갈,2014,약사,8379.0,portugal,39.50000000,-8.00000000
포르투갈,2015,약사,8711.0,portugal,39.50000000,-8.00000000
포르투갈,2016,약사,8788.0,portugal,39.50000000,-8.00000000
포르투갈,2017,약사,9340.0,portugal,39.50000000,-8.00000000
포르투갈,2018,약사,9353.0,portugal,39.50000000,-8.00000000
포르투갈,2019,약사,9586.0,portugal,39.50000000,-8.00000000
슬로바키아,2000,의사,17420.0,slovakia,48.66666666,19.50000000
슬로바키아,2000,약사,1968.0,slovakia,48.66666666,19.50000000
슬로바키아,2000,치과의사,2384.0,slovakia,48.66666666,19.50000000
슬로바키아,2001,의사,17340.0,slovakia,48.66666666,19.50000000
슬로바키아,2001,약사,2284.0,slovakia,48.66666666,19.50000000
슬로바키아,2001,치과의사,2371.0,slovakia,48.66666666,19.50000000
슬로바키아,2002,의사,17215.0,slovakia,48.66666666,19.50000000
슬로바키아,2002,약사,2447.0,slovakia,48.66666666,19.50000000
슬로바키아,2002,치과의사,2340.0,slovakia,48.66666666,19.50000000
슬로바키아,2003,의사,16925.0,slovakia,48.66666666,19.50000000
슬로바키아,2003,약사,2535.0,slovakia,48.66666666,19.50000000
슬로바키아,2003,치과의사,2338.0,slovakia,48.66666666,19.50000000
슬로바키아,2004,의사,16938.0,slovakia,48.66666666,19.50000000
슬로바키아,2004,약사,2648.0,slovakia,48.66666666,19.50000000
슬로바키아,2004,치과의사,2338.0,slovakia,48.66666666,19.50000000
슬로베니아,1998,의사,4335.0,slovenian,46.11666666,14.81666666
슬로베니아,1998,약사,673.0,slovenian,46.11666666,14.81666666
슬로베니아,1998,치과의사,1171.0,slovenian,46.11666666,14.81666666
슬로베니아,1999,의사,4216.0,slovenian,46.11666666,14.81666666
슬로베니아,1999,약사,685.0,slovenian,46.11666666,14.81666666
슬로베니아,1999,치과의사,1160.0,slovenian,46.11666666,14.81666666
슬로베니아,2000,의사,4279.0,slovenian,46.11666666,14.81666666
슬로베니아,2000,약사,747.0,slovenian,46.11666666,14.81666666
슬로베니아,2000,치과의사,1159.0,slovenian,46.11666666,14.81666666
슬로베니아,2000,간호사,13633.0,slovenian,46.11666666,14.81666666
슬로베니아,2001,의사,4325.0,slovenian,46.11666666,14.81666666
슬로베니아,2001,약사,764.0,slovenian,46.11666666,14.81666666
슬로베니아,2001,치과의사,1178.0,slovenian,46.11666666,14.81666666
슬로베니아,2001,간호사,14194.0,slovenian,46.11666666,14.81666666
슬로베니아,2002,의사,4440.0,slovenian,46.11666666,14.81666666
슬로베니아,2002,약사,778.0,slovenian,46.11666666,14.81666666
슬로베니아,2002,치과의사,1199.0,slovenian,46.11666666,14.81666666
슬로베니아,2002,간호사,14281.0,slovenian,46.11666666,14.81666666
슬로베니아,2003,의사,4485.0,slovenian,46.11666666,14.81666666
슬로베니아,2003,약사,808.0,slovenian,46.11666666,14.81666666
슬로베니아,2003,치과의사,1203.0,slovenian,46.11666666,14.81666666
슬로베니아,2003,간호사,14673.0,slovenian,46.11666666,14.81666666
슬로베니아,2004,의사,4589.0,slovenian,46.11666666,14.81666666
슬로베니아,2004,약사,838.0,slovenian,46.11666666,14.81666666
슬로베니아,2004,치과의사,1193.0,slovenian,46.11666666,14.81666666
슬로베니아,2004,간호사,14775.0,slovenian,46.11666666,14.81666666
슬로베니아,2005,의사,4692.0,slovenian,46.11666666,14.81666666
슬로베니아,2005,약사,890.0,slovenian,46.11666666,14.81666666
슬로베니아,2005,치과의사,1198.0,slovenian,46.11666666,14.81666666
슬로베니아,2005,간호사,14955.0,slovenian,46.11666666,14.81666666
슬로베니아,2006,의사,4740.0,slovenian,46.11666666,14.81666666
슬로베니아,2006,약사,941.0,slovenian,46.11666666,14.81666666
슬로베니아,2006,치과의사,1202.0,slovenian,46.11666666,14.81666666
슬로베니아,2006,간호사,15248.0,slovenian,46.11666666,14.81666666
슬로베니아,2007,의사,4814.0,slovenian,46.11666666,14.81666666
슬로베니아,2007,약사,975.0,slovenian,46.11666666,14.81666666
슬로베니아,2007,치과의사,1234.0,slovenian,46.11666666,14.81666666
슬로베니아,2007,간호사,15585.0,slovenian,46.11666666,14.81666666
슬로베니아,2008,의사,4854.0,slovenian,46.11666666,14.81666666
슬로베니아,2008,약사,972.0,slovenian,46.11666666,14.81666666
슬로베니아,2008,치과의사,1216.0,slovenian,46.11666666,14.81666666
슬로베니아,2008,간호사,15924.0,slovenian,46.11666666,14.81666666
슬로베니아,2009,의사,4915.0,slovenian,46.11666666,14.81666666
슬로베니아,2009,약사,1066.0,slovenian,46.11666666,14.81666666
슬로베니아,2009,치과의사,1236.0,slovenian,46.11666666,14.81666666
슬로베니아,2009,간호사,16370.0,slovenian,46.11666666,14.81666666
슬로베니아,2010,의사,4979.0,slovenian,46.11666666,14.81666666
슬로베니아,2010,약사,1102.0,slovenian,46.11666666,14.81666666
슬로베니아,2010,치과의사,1259.0,slovenian,46.11666666,14.81666666
슬로베니아,2010,간호사,16771.0,slovenian,46.11666666,14.81666666
슬로베니아,2011,의사,5121.0,slovenian,46.11666666,14.81666666
슬로베니아,2011,약사,1131.0,slovenian,46.11666666,14.81666666
슬로베니아,2011,치과의사,1280.0,slovenian,46.11666666,14.81666666
슬로베니아,2011,간호사,17107.0,slovenian,46.11666666,14.81666666
슬로베니아,2012,의사,5228.0,slovenian,46.11666666,14.81666666
슬로베니아,2012,약사,1159.0,slovenian,46.11666666,14.81666666
슬로베니아,2012,치과의사,1296.0,slovenian,46.11666666,14.81666666
슬로베니아,2012,간호사,16794.0,slovenian,46.11666666,14.81666666
슬로베니아,2013,의사,5416.0,slovenian,46.11666666,14.81666666
슬로베니아,2013,약사,1189.0,slovenian,46.11666666,14.81666666
슬로베니아,2013,치과의사,1337.0,slovenian,46.11666666,14.81666666
슬로베니아,2013,간호사,17133.0,slovenian,46.11666666,14.81666666
슬로베니아,2014,의사,5712.0,slovenian,46.11666666,14.81666666
슬로베니아,2014,약사,1244.0,slovenian,46.11666666,14.81666666
슬로베니아,2014,치과의사,1365.0,slovenian,46.11666666,14.81666666
슬로베니아,2014,간호사,17650.0,slovenian,46.11666666,14.81666666
슬로베니아,2015,의사,5830.0,slovenian,46.11666666,14.81666666
슬로베니아,2015,약사,1295.0,slovenian,46.11666666,14.81666666
슬로베니아,2015,치과의사,1392.0,slovenian,46.11666666,14.81666666
슬로베니아,2015,간호사,18122.0,slovenian,46.11666666,14.81666666
슬로베니아,2016,의사,6224.0,slovenian,46.11666666,14.81666666
슬로베니아,2016,약사,1356.0,slovenian,46.11666666,14.81666666
슬로베니아,2016,치과의사,1421.0,slovenian,46.11666666,14.81666666
슬로베니아,2016,간호사,19933.0,slovenian,46.11666666,14.81666666
슬로베니아,2017,의사,6408.0,slovenian,46.11666666,14.81666666
슬로베니아,2017,약사,1422.0,slovenian,46.11666666,14.81666666
슬로베니아,2017,치과의사,1455.0,slovenian,46.11666666,14.81666666
슬로베니아,2017,간호사,20505.0,slovenian,46.11666666,14.81666666
슬로베니아,2018,의사,6591.0,slovenian,46.11666666,14.81666666
슬로베니아,2018,약사,1466.0,slovenian,46.11666666,14.81666666
슬로베니아,2018,치과의사,1492.0,slovenian,46.11666666,14.81666666
슬로베니아,2018,간호사,21031.0,slovenian,46.11666666,14.81666666
슬로베니아,2019,의사,6812.0,slovenian,46.11666666,14.81666666
슬로베니아,2019,약사,1516.0,slovenian,46.11666666,14.81666666
슬로베니아,2019,치과의사,1514.0,slovenian,46.11666666,14.81666666
슬로베니아,2019,간호사,21464.0,slovenian,46.11666666,14.81666666
스페인,1998,의사,117566.0,spain,40.00000000,-4.00000000
스페인,1998,약사,23000.0,spain,40.00000000,-4.00000000
스페인,1998,간호사,133633.0,spain,40.00000000,-4.00000000
스페인,1999,의사,123200.0,spain,40.00000000,-4.00000000
스페인,1999,약사,25633.0,spain,40.00000000,-4.00000000
스페인,1999,간호사,136300.0,spain,40.00000000,-4.00000000
스페인,2000,의사,127200.0,spain,40.00000000,-4.00000000
스페인,2000,약사,29167.0,spain,40.00000000,-4.00000000
스페인,2000,간호사,143567.0,spain,40.00000000,-4.00000000
스페인,2001,의사,128100.0,spain,40.00000000,-4.00000000
스페인,2001,약사,32033.0,spain,40.00000000,-4.00000000
스페인,2001,간호사,158300.0,spain,40.00000000,-4.00000000
스페인,2002,의사,129667.0,spain,40.00000000,-4.00000000
스페인,2002,약사,32433.0,spain,40.00000000,-4.00000000
스페인,2002,간호사,168833.0,spain,40.00000000,-4.00000000
스페인,2003,의사,136000.0,spain,40.00000000,-4.00000000
스페인,2003,약사,32233.0,spain,40.00000000,-4.00000000
스페인,2003,간호사,180833.0,spain,40.00000000,-4.00000000
스페인,2004,의사,147833.0,spain,40.00000000,-4.00000000
스페인,2004,약사,34700.0,spain,40.00000000,-4.00000000
스페인,2004,간호사,184600.0,spain,40.00000000,-4.00000000
스페인,2005,의사,154767.0,spain,40.00000000,-4.00000000
스페인,2005,약사,37433.0,spain,40.00000000,-4.00000000
스페인,2005,간호사,190400.0,spain,40.00000000,-4.00000000
스페인,2006,의사,160933.0,spain,40.00000000,-4.00000000
스페인,2006,약사,40967.0,spain,40.00000000,-4.00000000
스페인,2006,간호사,197867.0,spain,40.00000000,-4.00000000
스페인,2007,의사,161033.0,spain,40.00000000,-4.00000000
스페인,2007,약사,43067.0,spain,40.00000000,-4.00000000
스페인,2007,간호사,208267.0,spain,40.00000000,-4.00000000
스페인,2008,의사,162900.0,spain,40.00000000,-4.00000000
스페인,2008,약사,45700.0,spain,40.00000000,-4.00000000
스페인,2008,간호사,221600.0,spain,40.00000000,-4.00000000
스페인,2009,의사,166800.0,spain,40.00000000,-4.00000000
스페인,2009,약사,43500.0,spain,40.00000000,-4.00000000
스페인,2009,간호사,229700.0,spain,40.00000000,-4.00000000
스페인,2010,의사,175033.0,spain,40.00000000,-4.00000000
스페인,2010,약사,43000.0,spain,40.00000000,-4.00000000
스페인,2010,간호사,239867.0,spain,40.00000000,-4.00000000
스페인,2011,의사,179267.0,spain,40.00000000,-4.00000000
스페인,2011,약사,43767.0,spain,40.00000000,-4.00000000
스페인,2011,간호사,243967.0,spain,40.00000000,-4.00000000
스페인,2012,의사,178833.0,spain,40.00000000,-4.00000000
스페인,2012,약사,49200.0,spain,40.00000000,-4.00000000
스페인,2012,간호사,245300.0,spain,40.00000000,-4.00000000
스페인,2013,의사,177665.0,spain,40.00000000,-4.00000000
스페인,2013,약사,52100.0,spain,40.00000000,-4.00000000
스페인,2013,간호사,239767.0,spain,40.00000000,-4.00000000
스페인,2014,의사,176665.0,spain,40.00000000,-4.00000000
스페인,2014,약사,54567.0,spain,40.00000000,-4.00000000
스페인,2014,간호사,239333.0,spain,40.00000000,-4.00000000
스페인,2015,의사,178600.0,spain,40.00000000,-4.00000000
스페인,2015,약사,55400.0,spain,40.00000000,-4.00000000
스페인,2015,간호사,245533.0,spain,40.00000000,-4.00000000
스페인,2016,의사,177731.0,spain,40.00000000,-4.00000000
스페인,2016,약사,56167.0,spain,40.00000000,-4.00000000
스페인,2016,간호사,256333.0,spain,40.00000000,-4.00000000
스페인,2017,의사,180633.0,spain,40.00000000,-4.00000000
스페인,2017,약사,53867.0,spain,40.00000000,-4.00000000
스페인,2017,간호사,267266.0,spain,40.00000000,-4.00000000
스페인,2018,의사,188166.0,spain,40.00000000,-4.00000000
스페인,2018,약사,55633.0,spain,40.00000000,-4.00000000
스페인,2018,간호사,274633.0,spain,40.00000000,-4.00000000
스페인,2019,의사,207565.0,spain,40.00000000,-4.00000000
스페인,2019,약사,58133.0,spain,40.00000000,-4.00000000
스페인,2019,간호사,277633.0,spain,40.00000000,-4.00000000
스웨덴,1998,의사,25846.0,sweden,62.00000000,15.00000000
스웨덴,1998,약사,5967.0,sweden,62.00000000,15.00000000
스웨덴,1998,치과의사,7252.0,sweden,62.00000000,15.00000000
스웨덴,1998,간호사,83577.0,sweden,62.00000000,15.00000000
스웨덴,1999,의사,26276.0,sweden,62.00000000,15.00000000
스웨덴,1999,약사,5885.0,sweden,62.00000000,15.00000000
스웨덴,1999,치과의사,7243.0,sweden,62.00000000,15.00000000
스웨덴,1999,간호사,84599.0,sweden,62.00000000,15.00000000
스웨덴,2000,의사,26851.0,sweden,62.00000000,15.00000000
스웨덴,2000,약사,6474.0,sweden,62.00000000,15.00000000
스웨덴,2000,치과의사,7165.0,sweden,62.00000000,15.00000000
스웨덴,2000,간호사,85431.0,sweden,62.00000000,15.00000000
스웨덴,2001,의사,27779.0,sweden,62.00000000,15.00000000
스웨덴,2001,약사,6570.0,sweden,62.00000000,15.00000000
스웨덴,2001,치과의사,7224.0,sweden,62.00000000,15.00000000
스웨덴,2001,간호사,86926.0,sweden,62.00000000,15.00000000
스웨덴,2002,의사,28679.0,sweden,62.00000000,15.00000000
스웨덴,2002,약사,6625.0,sweden,62.00000000,15.00000000
스웨덴,2002,치과의사,7300.0,sweden,62.00000000,15.00000000
스웨덴,2002,간호사,89072.0,sweden,62.00000000,15.00000000
스웨덴,2003,의사,29419.0,sweden,62.00000000,15.00000000
스웨덴,2003,약사,6691.0,sweden,62.00000000,15.00000000
스웨덴,2003,치과의사,7304.0,sweden,62.00000000,15.00000000
스웨덴,2003,간호사,90384.0,sweden,62.00000000,15.00000000
스웨덴,2004,의사,30340.0,sweden,62.00000000,15.00000000
스웨덴,2004,약사,6862.0,sweden,62.00000000,15.00000000
스웨덴,2004,치과의사,7443.0,sweden,62.00000000,15.00000000
스웨덴,2004,간호사,92441.0,sweden,62.00000000,15.00000000
스웨덴,2005,의사,31199.0,sweden,62.00000000,15.00000000
스웨덴,2005,약사,6913.0,sweden,62.00000000,15.00000000
스웨덴,2005,치과의사,7431.0,sweden,62.00000000,15.00000000
스웨덴,2005,간호사,94578.0,sweden,62.00000000,15.00000000
스웨덴,2006,의사,32180.0,sweden,62.00000000,15.00000000
스웨덴,2006,약사,6975.0,sweden,62.00000000,15.00000000
스웨덴,2006,치과의사,7539.0,sweden,62.00000000,15.00000000
스웨덴,2006,간호사,96515.0,sweden,62.00000000,15.00000000
스웨덴,2007,의사,33178.0,sweden,62.00000000,15.00000000
스웨덴,2007,약사,7154.0,sweden,62.00000000,15.00000000
스웨덴,2007,치과의사,7587.0,sweden,62.00000000,15.00000000
스웨덴,2007,간호사,98258.0,sweden,62.00000000,15.00000000
스웨덴,2008,의사,33950.0,sweden,62.00000000,15.00000000
스웨덴,2008,약사,7150.0,sweden,62.00000000,15.00000000
스웨덴,2008,치과의사,7514.0,sweden,62.00000000,15.00000000
스웨덴,2008,간호사,99347.0,sweden,62.00000000,15.00000000
스웨덴,2009,의사,34874.0,sweden,62.00000000,15.00000000
스웨덴,2009,약사,7012.0,sweden,62.00000000,15.00000000
스웨덴,2009,치과의사,7519.0,sweden,62.00000000,15.00000000
스웨덴,2009,간호사,100256.0,sweden,62.00000000,15.00000000
스웨덴,2010,의사,35714.0,sweden,62.00000000,15.00000000
스웨덴,2010,약사,7146.0,sweden,62.00000000,15.00000000
스웨덴,2010,치과의사,7606.0,sweden,62.00000000,15.00000000
스웨덴,2010,간호사,101774.0,sweden,62.00000000,15.00000000
스웨덴,2011,의사,36751.0,sweden,62.00000000,15.00000000
스웨덴,2011,약사,7287.0,sweden,62.00000000,15.00000000
스웨덴,2011,치과의사,7732.0,sweden,62.00000000,15.00000000
스웨덴,2011,간호사,102880.0,sweden,62.00000000,15.00000000
스웨덴,2012,의사,37776.0,sweden,62.00000000,15.00000000
스웨덴,2012,약사,7330.0,sweden,62.00000000,15.00000000
스웨덴,2012,치과의사,7811.0,sweden,62.00000000,15.00000000
스웨덴,2012,간호사,104003.0,sweden,62.00000000,15.00000000
스웨덴,2013,의사,38823.0,sweden,62.00000000,15.00000000
스웨덴,2013,약사,7280.0,sweden,62.00000000,15.00000000
스웨덴,2013,치과의사,7844.0,sweden,62.00000000,15.00000000
스웨덴,2013,간호사,105162.0,sweden,62.00000000,15.00000000
스웨덴,2014,의사,39849.0,sweden,62.00000000,15.00000000
스웨덴,2014,약사,7386.0,sweden,62.00000000,15.00000000
스웨덴,2014,치과의사,7902.0,sweden,62.00000000,15.00000000
스웨덴,2014,간호사,106147.0,sweden,62.00000000,15.00000000
스웨덴,2015,의사,40914.0,sweden,62.00000000,15.00000000
스웨덴,2015,약사,7527.0,sweden,62.00000000,15.00000000
스웨덴,2015,치과의사,8004.0,sweden,62.00000000,15.00000000
스웨덴,2015,간호사,107383.0,sweden,62.00000000,15.00000000
스웨덴,2016,의사,42007.0,sweden,62.00000000,15.00000000
스웨덴,2016,약사,7646.0,sweden,62.00000000,15.00000000
스웨덴,2016,치과의사,8086.0,sweden,62.00000000,15.00000000
스웨덴,2016,간호사,108475.0,sweden,62.00000000,15.00000000
스웨덴,2017,의사,42926.0,sweden,62.00000000,15.00000000
스웨덴,2017,약사,7726.0,sweden,62.00000000,15.00000000
스웨덴,2017,치과의사,8182.0,sweden,62.00000000,15.00000000
스웨덴,2017,간호사,109568.0,sweden,62.00000000,15.00000000
스웨덴,2018,의사,43930.0,sweden,62.00000000,15.00000000
스웨덴,2018,약사,8011.0,sweden,62.00000000,15.00000000
스웨덴,2018,치과의사,8212.0,sweden,62.00000000,15.00000000
스웨덴,2018,간호사,110441.0,sweden,62.00000000,15.00000000
영국,1998,의사,110952.0,uk,54.00000000,-2.00000000
영국,1999,의사,112183.0,uk,54.00000000,-2.00000000
영국,2000,의사,116427.0,uk,54.00000000,-2.00000000
영국,2000,간호사,479868.0,uk,54.00000000,-2.00000000
영국,2001,의사,119800.0,uk,54.00000000,-2.00000000
영국,2001,간호사,493697.0,uk,54.00000000,-2.00000000
영국,2002,의사,124714.0,uk,54.00000000,-2.00000000
영국,2002,약사,34959.0,uk,54.00000000,-2.00000000
영국,2002,간호사,513798.0,uk,54.00000000,-2.00000000
영국,2003,의사,130599.0,uk,54.00000000,-2.00000000
영국,2003,약사,35904.0,uk,54.00000000,-2.00000000
영국,2003,간호사,530063.0,uk,54.00000000,-2.00000000
영국,2004,의사,139194.0,uk,54.00000000,-2.00000000
영국,2004,약사,36778.0,uk,54.00000000,-2.00000000
영국,2004,간호사,541623.0,uk,54.00000000,-2.00000000
영국,2005,의사,144780.0,uk,54.00000000,-2.00000000
영국,2005,약사,36467.0,uk,54.00000000,-2.00000000
영국,2005,간호사,552404.0,uk,54.00000000,-2.00000000
영국,2006,의사,148998.0,uk,54.00000000,-2.00000000
영국,2006,약사,37707.0,uk,54.00000000,-2.00000000
영국,2006,간호사,547238.0,uk,54.00000000,-2.00000000
영국,2007,의사,152184.0,uk,54.00000000,-2.00000000
영국,2007,약사,38134.0,uk,54.00000000,-2.00000000
영국,2007,치과의사,29451.0,uk,54.00000000,-2.00000000
영국,2007,간호사,530578.0,uk,54.00000000,-2.00000000
영국,2008,의사,158597.0,uk,54.00000000,-2.00000000
영국,2008,약사,38915.0,uk,54.00000000,-2.00000000
영국,2008,치과의사,30617.0,uk,54.00000000,-2.00000000
영국,2008,간호사,535658.0,uk,54.00000000,-2.00000000
영국,2009,의사,164607.0,uk,54.00000000,-2.00000000
영국,2009,약사,39642.0,uk,54.00000000,-2.00000000
영국,2009,치과의사,31394.0,uk,54.00000000,-2.00000000
영국,2009,간호사,529693.0,uk,54.00000000,-2.00000000
영국,2010,의사,166250.0,uk,54.00000000,-2.00000000
영국,2010,약사,40641.0,uk,54.00000000,-2.00000000
영국,2010,치과의사,32298.0,uk,54.00000000,-2.00000000
영국,2010,간호사,527560.0,uk,54.00000000,-2.00000000
영국,2011,의사,169919.0,uk,54.00000000,-2.00000000
영국,2011,약사,48042.0,uk,54.00000000,-2.00000000
영국,2011,치과의사,33218.0,uk,54.00000000,-2.00000000
영국,2011,간호사,518756.0,uk,54.00000000,-2.00000000
영국,2012,의사,171747.0,uk,54.00000000,-2.00000000
영국,2012,약사,49731.0,uk,54.00000000,-2.00000000
영국,2012,치과의사,33268.0,uk,54.00000000,-2.00000000
영국,2012,간호사,505867.0,uk,54.00000000,-2.00000000
영국,2013,의사,173976.0,uk,54.00000000,-2.00000000
영국,2013,약사,51315.0,uk,54.00000000,-2.00000000
영국,2013,치과의사,33676.0,uk,54.00000000,-2.00000000
영국,2013,간호사,509202.0,uk,54.00000000,-2.00000000
영국,2014,의사,177352.0,uk,54.00000000,-2.00000000
영국,2014,약사,53261.0,uk,54.00000000,-2.00000000
영국,2014,치과의사,34348.0,uk,54.00000000,-2.00000000
영국,2014,간호사,512714.0,uk,54.00000000,-2.00000000
영국,2015,의사,180444.0,uk,54.00000000,-2.00000000
영국,2015,약사,54380.0,uk,54.00000000,-2.00000000
영국,2015,치과의사,34621.0,uk,54.00000000,-2.00000000
영국,2015,간호사,514850.0,uk,54.00000000,-2.00000000
영국,2016,의사,182534.0,uk,54.00000000,-2.00000000
영국,2016,약사,56542.0,uk,54.00000000,-2.00000000
영국,2016,치과의사,34867.0,uk,54.00000000,-2.00000000
영국,2016,간호사,516974.0,uk,54.00000000,-2.00000000
영국,2017,의사,185692.0,uk,54.00000000,-2.00000000
영국,2017,약사,55960.0,uk,54.00000000,-2.00000000
영국,2017,치과의사,34760.0,uk,54.00000000,-2.00000000
영국,2017,간호사,516930.0,uk,54.00000000,-2.00000000
영국,2018,의사,188783.0,uk,54.00000000,-2.00000000
영국,2018,약사,57225.0,uk,54.00000000,-2.00000000
영국,2018,치과의사,35000.0,uk,54.00000000,-2.00000000
영국,2018,간호사,535128.0,uk,54.00000000,-2.00000000
영국,2019,의사,196784.0,uk,54.00000000,-2.00000000
영국,2019,약사,58239.0,uk,54.00000000,-2.00000000
영국,2019,치과의사,35568.0,uk,54.00000000,-2.00000000
영국,2019,간호사,547661.0,uk,54.00000000,-2.00000000
영국,2020,의사,203529.0,uk,54.00000000,-2.00000000
영국,2020,약사,57218.0,uk,54.00000000,-2.00000000
영국,2020,치과의사,36394.0,uk,54.00000000,-2.00000000
영국,2020,간호사,567803.0,uk,54.00000000,-2.00000000
오스트레일리아,1998,의사,44684.0,australia,-27.00000000,133.00000000
오스트레일리아,1998,약사,11600.0,australia,-27.00000000,133.00000000
오스트레일리아,1998,간호사,191610.0,australia,-27.00000000,133.00000000
오스트레일리아,1999,의사,45999.0,australia,-27.00000000,133.00000000
오스트레일리아,1999,약사,11829.0,australia,-27.00000000,133.00000000
오스트레일리아,1999,간호사,191405.0,australia,-27.00000000,133.00000000
오스트레일리아,2000,의사,47372.0,australia,-27.00000000,133.00000000
오스트레일리아,2000,약사,15300.0,australia,-27.00000000,133.00000000
오스트레일리아,2000,치과의사,8691.0,australia,-27.00000000,133.00000000
오스트레일리아,2000,간호사,191568.0,australia,-27.00000000,133.00000000
오스트레일리아,2001,의사,49392.0,australia,-27.00000000,133.00000000
오스트레일리아,2001,약사,12600.0,australia,-27.00000000,133.00000000
오스트레일리아,2001,간호사,191731.0,australia,-27.00000000,133.00000000
오스트레일리아,2002,의사,49895.0,australia,-27.00000000,133.00000000
오스트레일리아,2002,약사,12900.0,australia,-27.00000000,133.00000000
오스트레일리아,2002,간호사,193853.0,australia,-27.00000000,133.00000000
오스트레일리아,2003,의사,51819.0,australia,-27.00000000,133.00000000
오스트레일리아,2003,약사,15700.0,australia,-27.00000000,133.00000000
오스트레일리아,2003,치과의사,9328.0,australia,-27.00000000,133.00000000
오스트레일리아,2003,간호사,195975.0,australia,-27.00000000,133.00000000
오스트레일리아,2004,의사,53966.0,australia,-27.00000000,133.00000000
오스트레일리아,2004,약사,18400.0,australia,-27.00000000,133.00000000
오스트레일리아,2004,간호사,203517.0,australia,-27.00000000,133.00000000
오스트레일리아,2005,의사,56084.0,australia,-27.00000000,133.00000000
오스트레일리아,2005,약사,14900.0,australia,-27.00000000,133.00000000
오스트레일리아,2005,간호사,196998.0,australia,-27.00000000,133.00000000
오스트레일리아,2006,의사,58167.0,australia,-27.00000000,133.00000000
오스트레일리아,2006,약사,16300.0,australia,-27.00000000,133.00000000
오스트레일리아,2006,치과의사,10001.0,australia,-27.00000000,133.00000000
오스트레일리아,2007,의사,62652.0,australia,-27.00000000,133.00000000
오스트레일리아,2007,약사,18200.0,australia,-27.00000000,133.00000000
오스트레일리아,2007,간호사,212480.0,australia,-27.00000000,133.00000000
오스트레일리아,2008,의사,64117.0,australia,-27.00000000,133.00000000
오스트레일리아,2008,약사,19100.0,australia,-27.00000000,133.00000000
오스트레일리아,2008,간호사,218928.0,australia,-27.00000000,133.00000000
오스트레일리아,2009,의사,67613.0,australia,-27.00000000,133.00000000
오스트레일리아,2009,약사,23300.0,australia,-27.00000000,133.00000000
오스트레일리아,2009,치과의사,11455.0,australia,-27.00000000,133.00000000
오스트레일리아,2009,간호사,220814.0,australia,-27.00000000,133.00000000
오스트레일리아,2010,약사,19237.0,australia,-27.00000000,133.00000000
오스트레일리아,2011,의사,74100.0,australia,-27.00000000,133.00000000
오스트레일리아,2011,약사,15222.0,australia,-27.00000000,133.00000000
오스트레일리아,2011,치과의사,12062.0,australia,-27.00000000,133.00000000
오스트레일리아,2011,간호사,227712.0,australia,-27.00000000,133.00000000
오스트레일리아,2012,의사,75258.0,australia,-27.00000000,133.00000000
오스트레일리아,2012,약사,17097.0,australia,-27.00000000,133.00000000
오스트레일리아,2012,치과의사,12767.0,australia,-27.00000000,133.00000000
오스트레일리아,2012,간호사,232321.0,australia,-27.00000000,133.00000000
오스트레일리아,2013,의사,77974.0,australia,-27.00000000,133.00000000
오스트레일리아,2013,약사,19148.0,australia,-27.00000000,133.00000000
오스트레일리아,2013,치과의사,13049.0,australia,-27.00000000,133.00000000
오스트레일리아,2013,간호사,257189.0,australia,-27.00000000,133.00000000
오스트레일리아,2014,의사,80968.0,australia,-27.00000000,133.00000000
오스트레일리아,2014,약사,19655.0,australia,-27.00000000,133.00000000
오스트레일리아,2014,치과의사,13472.0,australia,-27.00000000,133.00000000
오스트레일리아,2014,간호사,264876.0,australia,-27.00000000,133.00000000
오스트레일리아,2015,의사,83490.0,australia,-27.00000000,133.00000000
오스트레일리아,2015,약사,20281.0,australia,-27.00000000,133.00000000
오스트레일리아,2015,치과의사,13843.0,australia,-27.00000000,133.00000000
오스트레일리아,2015,간호사,271151.0,australia,-27.00000000,133.00000000
오스트레일리아,2016,의사,86550.0,australia,-27.00000000,133.00000000
오스트레일리아,2016,약사,20960.0,australia,-27.00000000,133.00000000
오스트레일리아,2016,치과의사,14205.0,australia,-27.00000000,133.00000000
오스트레일리아,2016,간호사,279789.0,australia,-27.00000000,133.00000000
오스트레일리아,2017,의사,90417.0,australia,-27.00000000,133.00000000
오스트레일리아,2017,약사,21656.0,australia,-27.00000000,133.00000000
오스트레일리아,2017,치과의사,14620.0,australia,-27.00000000,133.00000000
오스트레일리아,2017,간호사,287405.0,australia,-27.00000000,133.00000000
오스트레일리아,2018,의사,93604.0,australia,-27.00000000,133.00000000
오스트레일리아,2018,약사,22063.0,australia,-27.00000000,133.00000000
오스트레일리아,2018,치과의사,14981.0,australia,-27.00000000,133.00000000
오스트레일리아,2018,간호사,297807.0,australia,-27.00000000,133.00000000
오스트레일리아,2019,의사,97039.0,australia,-27.00000000,133.00000000
오스트레일리아,2019,약사,22599.0,australia,-27.00000000,133.00000000
오스트레일리아,2019,치과의사,15517.0,australia,-27.00000000,133.00000000
오스트레일리아,2019,간호사,309906.0,australia,-27.00000000,133.00000000
뉴질랜드,2000,의사,8615.0,new zealand,-41.00000000,174.00000000
뉴질랜드,2001,의사,8491.0,new zealand,-41.00000000,174.00000000
뉴질랜드,2002,의사,8393.0,new zealand,-41.00000000,174.00000000
뉴질랜드,2003,의사,8758.0,new zealand,-41.00000000,174.00000000
뉴질랜드,2004,의사,8945.0,new zealand,-41.00000000,174.00000000
뉴질랜드,2005,의사,8706.0,new zealand,-41.00000000,174.00000000
뉴질랜드,2005,간호사,37316.0,new zealand,-41.00000000,174.00000000
뉴질랜드,2006,의사,9505.0,new zealand,-41.00000000,174.00000000
뉴질랜드,2006,간호사,37010.0,new zealand,-41.00000000,174.00000000
뉴질랜드,2007,의사,9705.0,new zealand,-41.00000000,174.00000000
뉴질랜드,2007,간호사,38925.0,new zealand,-41.00000000,174.00000000
뉴질랜드,2008,의사,10495.0,new zealand,-41.00000000,174.00000000
뉴질랜드,2008,약사,2600.0,new zealand,-41.00000000,174.00000000
뉴질랜드,2008,간호사,41603.0,new zealand,-41.00000000,174.00000000
뉴질랜드,2009,의사,11106.0,new zealand,-41.00000000,174.00000000
뉴질랜드,2009,약사,2662.0,new zealand,-41.00000000,174.00000000
뉴질랜드,2009,간호사,41871.0,new zealand,-41.00000000,174.00000000
뉴질랜드,2010,의사,11412.0,new zealand,-41.00000000,174.00000000
뉴질랜드,2010,약사,2750.0,new zealand,-41.00000000,174.00000000
뉴질랜드,2010,간호사,43789.0,new zealand,-41.00000000,174.00000000
뉴질랜드,2011,의사,11634.0,new zealand,-41.00000000,174.00000000
뉴질랜드,2011,약사,2821.0,new zealand,-41.00000000,174.00000000
뉴질랜드,2011,간호사,44384.0,new zealand,-41.00000000,174.00000000
뉴질랜드,2012,의사,11968.0,new zealand,-41.00000000,174.00000000
뉴질랜드,2012,약사,2861.0,new zealand,-41.00000000,174.00000000
뉴질랜드,2012,간호사,44190.0,new zealand,-41.00000000,174.00000000
뉴질랜드,2013,의사,12569.0,new zealand,-41.00000000,174.00000000
뉴질랜드,2013,약사,2932.0,new zealand,-41.00000000,174.00000000
뉴질랜드,2013,간호사,44714.0,new zealand,-41.00000000,174.00000000
뉴질랜드,2014,의사,13064.0,new zealand,-41.00000000,174.00000000
뉴질랜드,2014,약사,2990.0,new zealand,-41.00000000,174.00000000
뉴질랜드,2014,간호사,45572.0,new zealand,-41.00000000,174.00000000
뉴질랜드,2015,의사,13984.0,new zealand,-41.00000000,174.00000000
뉴질랜드,2015,약사,3075.0,new zealand,-41.00000000,174.00000000
뉴질랜드,2015,간호사,47120.0,new zealand,-41.00000000,174.00000000
뉴질랜드,2016,의사,14687.0,new zealand,-41.00000000,174.00000000
뉴질랜드,2016,약사,3148.0,new zealand,-41.00000000,174.00000000
뉴질랜드,2016,간호사,48256.0,new zealand,-41.00000000,174.00000000
뉴질랜드,2017,의사,15655.0,new zealand,-41.00000000,174.00000000
뉴질랜드,2017,약사,3197.0,new zealand,-41.00000000,174.00000000
뉴질랜드,2017,간호사,48743.0,new zealand,-41.00000000,174.00000000
뉴질랜드,2018,의사,16223.0,new zealand,-41.00000000,174.00000000
뉴질랜드,2018,약사,3408.0,new zealand,-41.00000000,174.00000000
뉴질랜드,2018,간호사,50057.0,new zealand,-41.00000000,174.00000000
뉴질랜드,2019,의사,16813.0,new zealand,-41.00000000,174.00000000
뉴질랜드,2019,약사,3489.0,new zealand,-41.00000000,174.00000000
뉴질랜드,2019,간호사,50976.0,new zealand,-41.00000000,174.00000000
뉴질랜드,2020,의사,17448.0,new zealand,-41.00000000,174.00000000
뉴질랜드,2020,약사,3652.0,new zealand,-41.00000000,174.00000000
뉴질랜드,2020,간호사,53933.0,new zealand,-41.00000000,174.00000000
